--
-- PostgreSQL database dump
--

-- Dumped from database version 17.3 (Debian 17.3-3.pgdg120+1)
-- Dumped by pg_dump version 17.3 (Debian 17.3-3.pgdg120+1)

SET statement_timeout = 0;
SET lock_timeout = 0;
SET idle_in_transaction_session_timeout = 0;
SET transaction_timeout = 0;
SET client_encoding = 'UTF8';
SET standard_conforming_strings = on;
SELECT pg_catalog.set_config('search_path', '', false);
SET check_function_bodies = false;
SET xmloption = content;
SET client_min_messages = warning;
SET row_security = off;

SET default_tablespace = '';

SET default_table_access_method = heap;

--
-- Name: accounts_benchmark; Type: TABLE; Schema: public; Owner: carbon_foot
--

CREATE TABLE public.accounts_benchmark (
    id integer NOT NULL,
    space_type character varying(100) NOT NULL,
    year integer NOT NULL,
    avg_electricity_consumption double precision NOT NULL,
    avg_gas_consumption double precision NOT NULL,
    avg_water_consumption double precision NOT NULL,
    electricity_multiplier double precision DEFAULT 1.12 NOT NULL,
    gas_multiplier double precision DEFAULT 1.37 NOT NULL,
    water_multiplier double precision DEFAULT 1.0 NOT NULL
);


ALTER TABLE public.accounts_benchmark OWNER TO carbon_foot;

--
-- Name: accounts_benchmark_calculated; Type: VIEW; Schema: public; Owner: carbon_foot
--

CREATE VIEW public.accounts_benchmark_calculated AS
 SELECT space_type,
    year,
    (avg_electricity_consumption * electricity_multiplier) AS adjusted_electricity,
    (avg_gas_consumption * gas_multiplier) AS adjusted_gas,
    (avg_water_consumption * water_multiplier) AS adjusted_water
   FROM public.accounts_benchmark;


ALTER VIEW public.accounts_benchmark_calculated OWNER TO carbon_foot;

--
-- Name: accounts_benchmark_id_seq; Type: SEQUENCE; Schema: public; Owner: carbon_foot
--

CREATE SEQUENCE public.accounts_benchmark_id_seq
    AS integer
    START WITH 1
    INCREMENT BY 1
    NO MINVALUE
    NO MAXVALUE
    CACHE 1;


ALTER SEQUENCE public.accounts_benchmark_id_seq OWNER TO carbon_foot;

--
-- Name: accounts_benchmark_id_seq; Type: SEQUENCE OWNED BY; Schema: public; Owner: carbon_foot
--

ALTER SEQUENCE public.accounts_benchmark_id_seq OWNED BY public.accounts_benchmark.id;


--
-- Name: accounts_benchmarkdata; Type: TABLE; Schema: public; Owner: carbon_foot
--

CREATE TABLE public.accounts_benchmarkdata (
    id bigint NOT NULL,
    consumption_type character varying(50) NOT NULL,
    category character varying(150) NOT NULL,
    amount numeric(10,2) NOT NULL,
    unit character varying(50) NOT NULL,
    year integer NOT NULL,
    notes text,
    intensity numeric(10,6),
    transmission_distribution numeric(10,4),
    CONSTRAINT accounts_benchmarkdata_year_check CHECK ((year >= 0))
);


ALTER TABLE public.accounts_benchmarkdata OWNER TO carbon_foot;

--
-- Name: accounts_benchmarkdata_id_seq; Type: SEQUENCE; Schema: public; Owner: carbon_foot
--

ALTER TABLE public.accounts_benchmarkdata ALTER COLUMN id ADD GENERATED BY DEFAULT AS IDENTITY (
    SEQUENCE NAME public.accounts_benchmarkdata_id_seq
    START WITH 1
    INCREMENT BY 1
    NO MINVALUE
    NO MAXVALUE
    CACHE 1
);


--
-- Name: accounts_conversionfactor; Type: TABLE; Schema: public; Owner: carbon_foot
--

CREATE TABLE public.accounts_conversionfactor (
    id bigint NOT NULL,
    activity character varying(100) NOT NULL,
    value numeric(10,5) NOT NULL,
    unit character varying(50)
);


ALTER TABLE public.accounts_conversionfactor OWNER TO carbon_foot;

--
-- Name: accounts_conversionfactor_id_seq; Type: SEQUENCE; Schema: public; Owner: carbon_foot
--

ALTER TABLE public.accounts_conversionfactor ALTER COLUMN id ADD GENERATED BY DEFAULT AS IDENTITY (
    SEQUENCE NAME public.accounts_conversionfactor_id_seq
    START WITH 1
    INCREMENT BY 1
    NO MINVALUE
    NO MAXVALUE
    CACHE 1
);


--
-- Name: accounts_electricityconsumption; Type: TABLE; Schema: public; Owner: carbon_foot
--

CREATE TABLE public.accounts_electricityconsumption (
    id bigint NOT NULL,
    total_area double precision NOT NULL,
    proportion_of_research_group double precision NOT NULL,
    benchmark_electricity_consumption double precision,
    grid_carbon_intensity double precision NOT NULL,
    transmission_distribution_intensity double precision NOT NULL,
    total_emissions double precision NOT NULL,
    space_type_id bigint NOT NULL
);


ALTER TABLE public.accounts_electricityconsumption OWNER TO carbon_foot;

--
-- Name: accounts_electricityconsumption_id_seq; Type: SEQUENCE; Schema: public; Owner: carbon_foot
--

ALTER TABLE public.accounts_electricityconsumption ALTER COLUMN id ADD GENERATED BY DEFAULT AS IDENTITY (
    SEQUENCE NAME public.accounts_electricityconsumption_id_seq
    START WITH 1
    INCREMENT BY 1
    NO MINVALUE
    NO MAXVALUE
    CACHE 1
);


--
-- Name: accounts_gasconsumption; Type: TABLE; Schema: public; Owner: carbon_foot
--

CREATE TABLE public.accounts_gasconsumption (
    id bigint NOT NULL,
    total_area double precision NOT NULL,
    proportion_of_research_group double precision NOT NULL,
    benchmark_gas_consumption double precision,
    gas_carbon_intensity double precision NOT NULL,
    transmission_distribution_intensity double precision NOT NULL,
    total_emissions double precision NOT NULL,
    space_type_id bigint NOT NULL
);


ALTER TABLE public.accounts_gasconsumption OWNER TO carbon_foot;

--
-- Name: accounts_gasconsumption_id_seq; Type: SEQUENCE; Schema: public; Owner: carbon_foot
--

ALTER TABLE public.accounts_gasconsumption ALTER COLUMN id ADD GENERATED BY DEFAULT AS IDENTITY (
    SEQUENCE NAME public.accounts_gasconsumption_id_seq
    START WITH 1
    INCREMENT BY 1
    NO MINVALUE
    NO MAXVALUE
    CACHE 1
);


--
-- Name: accounts_generaldataentry; Type: TABLE; Schema: public; Owner: carbon_foot
--

CREATE TABLE public.accounts_generaldataentry (
    id bigint NOT NULL,
    space_type character varying(50),
    unit character varying(10),
    total_area double precision,
    mode_of_travel character varying(50),
    distance double precision,
    type_of_waste character varying(50),
    amount double precision,
    date_created timestamp with time zone NOT NULL,
    submission_id bigint NOT NULL
);


ALTER TABLE public.accounts_generaldataentry OWNER TO carbon_foot;

--
-- Name: accounts_generaldataentry_id_seq; Type: SEQUENCE; Schema: public; Owner: carbon_foot
--

ALTER TABLE public.accounts_generaldataentry ALTER COLUMN id ADD GENERATED BY DEFAULT AS IDENTITY (
    SEQUENCE NAME public.accounts_generaldataentry_id_seq
    START WITH 1
    INCREMENT BY 1
    NO MINVALUE
    NO MAXVALUE
    CACHE 1
);


--
-- Name: accounts_proportionentry; Type: TABLE; Schema: public; Owner: carbon_foot
--

CREATE TABLE public.accounts_proportionentry (
    id bigint NOT NULL,
    total_fte_research_group integer NOT NULL,
    fte_staff_on_project integer NOT NULL,
    proportion_research_group_on_project double precision NOT NULL,
    submission_id bigint NOT NULL
);


ALTER TABLE public.accounts_proportionentry OWNER TO carbon_foot;

--
-- Name: accounts_proportionentry_id_seq; Type: SEQUENCE; Schema: public; Owner: carbon_foot
--

ALTER TABLE public.accounts_proportionentry ALTER COLUMN id ADD GENERATED BY DEFAULT AS IDENTITY (
    SEQUENCE NAME public.accounts_proportionentry_id_seq
    START WITH 1
    INCREMENT BY 1
    NO MINVALUE
    NO MAXVALUE
    CACHE 1
);


--
-- Name: accounts_researchfield; Type: TABLE; Schema: public; Owner: carbon_foot
--

CREATE TABLE public.accounts_researchfield (
    name character varying(255) NOT NULL
);


ALTER TABLE public.accounts_researchfield OWNER TO carbon_foot;

--
-- Name: accounts_spacetypeentry; Type: TABLE; Schema: public; Owner: carbon_foot
--

CREATE TABLE public.accounts_spacetypeentry (
    id bigint NOT NULL,
    space_type character varying(50) NOT NULL,
    unit character varying(10) NOT NULL,
    total_area double precision NOT NULL,
    submission_id bigint NOT NULL
);


ALTER TABLE public.accounts_spacetypeentry OWNER TO carbon_foot;

--
-- Name: accounts_spacetypeentry_id_seq; Type: SEQUENCE; Schema: public; Owner: carbon_foot
--

ALTER TABLE public.accounts_spacetypeentry ALTER COLUMN id ADD GENERATED BY DEFAULT AS IDENTITY (
    SEQUENCE NAME public.accounts_spacetypeentry_id_seq
    START WITH 1
    INCREMENT BY 1
    NO MINVALUE
    NO MAXVALUE
    CACHE 1
);


--
-- Name: accounts_submission; Type: TABLE; Schema: public; Owner: carbon_foot
--

CREATE TABLE public.accounts_submission (
    id bigint NOT NULL,
    project_name character varying(50) NOT NULL,
    total_number_fte_research_group integer NOT NULL,
    number_fte_staff_working_on_project integer NOT NULL,
    proportion_research_group_working_on_project double precision NOT NULL,
    date_submitted timestamp with time zone NOT NULL,
    user_id bigint NOT NULL
);


ALTER TABLE public.accounts_submission OWNER TO carbon_foot;

--
-- Name: accounts_submission_id_seq; Type: SEQUENCE; Schema: public; Owner: carbon_foot
--

ALTER TABLE public.accounts_submission ALTER COLUMN id ADD GENERATED BY DEFAULT AS IDENTITY (
    SEQUENCE NAME public.accounts_submission_id_seq
    START WITH 1
    INCREMENT BY 1
    NO MINVALUE
    NO MAXVALUE
    CACHE 1
);


--
-- Name: accounts_travelemission; Type: TABLE; Schema: public; Owner: carbon_foot
--

CREATE TABLE public.accounts_travelemission (
    id bigint NOT NULL,
    mode_of_travel character varying(100) NOT NULL,
    distance double precision NOT NULL,
    carbon_intensity numeric(10,5),
    total_emissions numeric(12,5),
    submission_id bigint NOT NULL
);


ALTER TABLE public.accounts_travelemission OWNER TO carbon_foot;

--
-- Name: accounts_travelemission_id_seq; Type: SEQUENCE; Schema: public; Owner: carbon_foot
--

ALTER TABLE public.accounts_travelemission ALTER COLUMN id ADD GENERATED BY DEFAULT AS IDENTITY (
    SEQUENCE NAME public.accounts_travelemission_id_seq
    START WITH 1
    INCREMENT BY 1
    NO MINVALUE
    NO MAXVALUE
    CACHE 1
);


--
-- Name: accounts_university; Type: TABLE; Schema: public; Owner: carbon_foot
--

CREATE TABLE public.accounts_university (
    name character varying(255) NOT NULL
);


ALTER TABLE public.accounts_university OWNER TO carbon_foot;

--
-- Name: accounts_user; Type: TABLE; Schema: public; Owner: carbon_foot
--

CREATE TABLE public.accounts_user (
    id bigint NOT NULL,
    password character varying(128) NOT NULL,
    last_login timestamp with time zone,
    is_superuser boolean NOT NULL,
    username character varying(150) NOT NULL,
    first_name character varying(150) NOT NULL,
    last_name character varying(150) NOT NULL,
    is_staff boolean NOT NULL,
    is_active boolean NOT NULL,
    date_joined timestamp with time zone NOT NULL,
    email character varying(35) NOT NULL,
    institute_id character varying(150) NOT NULL,
    research_field_id character varying(150) NOT NULL,
    is_admin boolean NOT NULL,
    is_researcher boolean NOT NULL,
    is_verified boolean NOT NULL
);


ALTER TABLE public.accounts_user OWNER TO carbon_foot;

--
-- Name: accounts_user_groups; Type: TABLE; Schema: public; Owner: carbon_foot
--

CREATE TABLE public.accounts_user_groups (
    id bigint NOT NULL,
    user_id bigint NOT NULL,
    group_id integer NOT NULL
);


ALTER TABLE public.accounts_user_groups OWNER TO carbon_foot;

--
-- Name: accounts_user_groups_id_seq; Type: SEQUENCE; Schema: public; Owner: carbon_foot
--

ALTER TABLE public.accounts_user_groups ALTER COLUMN id ADD GENERATED BY DEFAULT AS IDENTITY (
    SEQUENCE NAME public.accounts_user_groups_id_seq
    START WITH 1
    INCREMENT BY 1
    NO MINVALUE
    NO MAXVALUE
    CACHE 1
);


--
-- Name: accounts_user_id_seq; Type: SEQUENCE; Schema: public; Owner: carbon_foot
--

ALTER TABLE public.accounts_user ALTER COLUMN id ADD GENERATED BY DEFAULT AS IDENTITY (
    SEQUENCE NAME public.accounts_user_id_seq
    START WITH 1
    INCREMENT BY 1
    NO MINVALUE
    NO MAXVALUE
    CACHE 1
);


--
-- Name: accounts_user_user_permissions; Type: TABLE; Schema: public; Owner: carbon_foot
--

CREATE TABLE public.accounts_user_user_permissions (
    id bigint NOT NULL,
    user_id bigint NOT NULL,
    permission_id integer NOT NULL
);


ALTER TABLE public.accounts_user_user_permissions OWNER TO carbon_foot;

--
-- Name: accounts_user_user_permissions_id_seq; Type: SEQUENCE; Schema: public; Owner: carbon_foot
--

ALTER TABLE public.accounts_user_user_permissions ALTER COLUMN id ADD GENERATED BY DEFAULT AS IDENTITY (
    SEQUENCE NAME public.accounts_user_user_permissions_id_seq
    START WITH 1
    INCREMENT BY 1
    NO MINVALUE
    NO MAXVALUE
    CACHE 1
);


--
-- Name: accounts_wasteemission; Type: TABLE; Schema: public; Owner: carbon_foot
--

CREATE TABLE public.accounts_wasteemission (
    id bigint NOT NULL,
    type_of_waste character varying(50) NOT NULL,
    amount double precision NOT NULL,
    carbon_intensity numeric(10,5),
    total_emissions numeric(15,5),
    submission_id bigint NOT NULL
);


ALTER TABLE public.accounts_wasteemission OWNER TO carbon_foot;

--
-- Name: accounts_wasteemission_id_seq; Type: SEQUENCE; Schema: public; Owner: carbon_foot
--

ALTER TABLE public.accounts_wasteemission ALTER COLUMN id ADD GENERATED BY DEFAULT AS IDENTITY (
    SEQUENCE NAME public.accounts_wasteemission_id_seq
    START WITH 1
    INCREMENT BY 1
    NO MINVALUE
    NO MAXVALUE
    CACHE 1
);


--
-- Name: accounts_waterconsumption; Type: TABLE; Schema: public; Owner: carbon_foot
--

CREATE TABLE public.accounts_waterconsumption (
    id bigint NOT NULL,
    total_area double precision NOT NULL,
    proportion_of_research_group double precision NOT NULL,
    benchmark_water_consumption double precision NOT NULL,
    water_consumption double precision NOT NULL,
    water_consumption_carbon_intensity double precision NOT NULL,
    water_treatment_carbon_intensity double precision NOT NULL,
    total_emissions double precision NOT NULL,
    space_type_id bigint NOT NULL
);


ALTER TABLE public.accounts_waterconsumption OWNER TO carbon_foot;

--
-- Name: accounts_waterconsumption_id_seq; Type: SEQUENCE; Schema: public; Owner: carbon_foot
--

ALTER TABLE public.accounts_waterconsumption ALTER COLUMN id ADD GENERATED BY DEFAULT AS IDENTITY (
    SEQUENCE NAME public.accounts_waterconsumption_id_seq
    START WITH 1
    INCREMENT BY 1
    NO MINVALUE
    NO MAXVALUE
    CACHE 1
);


--
-- Name: auth_group; Type: TABLE; Schema: public; Owner: carbon_foot
--

CREATE TABLE public.auth_group (
    id integer NOT NULL,
    name character varying(150) NOT NULL
);


ALTER TABLE public.auth_group OWNER TO carbon_foot;

--
-- Name: auth_group_id_seq; Type: SEQUENCE; Schema: public; Owner: carbon_foot
--

ALTER TABLE public.auth_group ALTER COLUMN id ADD GENERATED BY DEFAULT AS IDENTITY (
    SEQUENCE NAME public.auth_group_id_seq
    START WITH 1
    INCREMENT BY 1
    NO MINVALUE
    NO MAXVALUE
    CACHE 1
);


--
-- Name: auth_group_permissions; Type: TABLE; Schema: public; Owner: carbon_foot
--

CREATE TABLE public.auth_group_permissions (
    id bigint NOT NULL,
    group_id integer NOT NULL,
    permission_id integer NOT NULL
);


ALTER TABLE public.auth_group_permissions OWNER TO carbon_foot;

--
-- Name: auth_group_permissions_id_seq; Type: SEQUENCE; Schema: public; Owner: carbon_foot
--

ALTER TABLE public.auth_group_permissions ALTER COLUMN id ADD GENERATED BY DEFAULT AS IDENTITY (
    SEQUENCE NAME public.auth_group_permissions_id_seq
    START WITH 1
    INCREMENT BY 1
    NO MINVALUE
    NO MAXVALUE
    CACHE 1
);


--
-- Name: auth_permission; Type: TABLE; Schema: public; Owner: carbon_foot
--

CREATE TABLE public.auth_permission (
    id integer NOT NULL,
    name character varying(255) NOT NULL,
    content_type_id integer NOT NULL,
    codename character varying(100) NOT NULL
);


ALTER TABLE public.auth_permission OWNER TO carbon_foot;

--
-- Name: auth_permission_id_seq; Type: SEQUENCE; Schema: public; Owner: carbon_foot
--

ALTER TABLE public.auth_permission ALTER COLUMN id ADD GENERATED BY DEFAULT AS IDENTITY (
    SEQUENCE NAME public.auth_permission_id_seq
    START WITH 1
    INCREMENT BY 1
    NO MINVALUE
    NO MAXVALUE
    CACHE 1
);


--
-- Name: calculate_category_carbon_impact; Type: TABLE; Schema: public; Owner: carbon_foot
--

CREATE TABLE public.calculate_category_carbon_impact (
    id integer NOT NULL,
    category character varying(255) NOT NULL,
    carbon_impact double precision NOT NULL
);


ALTER TABLE public.calculate_category_carbon_impact OWNER TO carbon_foot;

--
-- Name: calculate_procurement_data; Type: TABLE; Schema: public; Owner: carbon_foot
--

CREATE TABLE public.calculate_procurement_data (
    id integer NOT NULL,
    code character varying(10) NOT NULL,
    description_dict jsonb NOT NULL
);


ALTER TABLE public.calculate_procurement_data OWNER TO carbon_foot;

--
-- Name: calculate_result; Type: TABLE; Schema: public; Owner: carbon_foot
--

CREATE TABLE public.calculate_result (
    id integer NOT NULL,
    user_id bigint NOT NULL,
    total_electricity_emissions numeric(10,2) NOT NULL,
    total_gas_emissions numeric(10,2) NOT NULL,
    total_water_emissions numeric(10,2) NOT NULL,
    total_travel_emissions numeric(10,2) NOT NULL,
    total_waste_emissions numeric(10,2) NOT NULL,
    total_procurement_emissions numeric(10,2) NOT NULL,
    total_carbon_emissions numeric(10,2) NOT NULL
);


ALTER TABLE public.calculate_result OWNER TO carbon_foot;

--
-- Name: calculate_result_id_seq; Type: SEQUENCE; Schema: public; Owner: carbon_foot
--

CREATE SEQUENCE public.calculate_result_id_seq
    AS integer
    START WITH 1
    INCREMENT BY 1
    NO MINVALUE
    NO MAXVALUE
    CACHE 1;


ALTER SEQUENCE public.calculate_result_id_seq OWNER TO carbon_foot;

--
-- Name: calculate_result_id_seq; Type: SEQUENCE OWNED BY; Schema: public; Owner: carbon_foot
--

ALTER SEQUENCE public.calculate_result_id_seq OWNED BY public.calculate_result.id;


--
-- Name: calculator_calculationrecord; Type: TABLE; Schema: public; Owner: carbon_foot
--

CREATE TABLE public.calculator_calculationrecord (
    id bigint NOT NULL,
    "timestamp" timestamp with time zone NOT NULL,
    input_data jsonb NOT NULL,
    results jsonb NOT NULL,
    description text
);


ALTER TABLE public.calculator_calculationrecord OWNER TO carbon_foot;

--
-- Name: calculator_calculationrecord_id_seq; Type: SEQUENCE; Schema: public; Owner: carbon_foot
--

ALTER TABLE public.calculator_calculationrecord ALTER COLUMN id ADD GENERATED BY DEFAULT AS IDENTITY (
    SEQUENCE NAME public.calculator_calculationrecord_id_seq
    START WITH 1
    INCREMENT BY 1
    NO MINVALUE
    NO MAXVALUE
    CACHE 1
);


--
-- Name: category_carbon_impact_id_seq; Type: SEQUENCE; Schema: public; Owner: carbon_foot
--

CREATE SEQUENCE public.category_carbon_impact_id_seq
    AS integer
    START WITH 1
    INCREMENT BY 1
    NO MINVALUE
    NO MAXVALUE
    CACHE 1;


ALTER SEQUENCE public.category_carbon_impact_id_seq OWNER TO carbon_foot;

--
-- Name: category_carbon_impact_id_seq; Type: SEQUENCE OWNED BY; Schema: public; Owner: carbon_foot
--

ALTER SEQUENCE public.category_carbon_impact_id_seq OWNED BY public.calculate_category_carbon_impact.id;


--
-- Name: django_admin_log; Type: TABLE; Schema: public; Owner: carbon_foot
--

CREATE TABLE public.django_admin_log (
    id integer NOT NULL,
    action_time timestamp with time zone NOT NULL,
    object_id text,
    object_repr character varying(200) NOT NULL,
    action_flag smallint NOT NULL,
    change_message text NOT NULL,
    content_type_id integer,
    user_id bigint NOT NULL,
    CONSTRAINT django_admin_log_action_flag_check CHECK ((action_flag >= 0))
);


ALTER TABLE public.django_admin_log OWNER TO carbon_foot;

--
-- Name: django_admin_log_id_seq; Type: SEQUENCE; Schema: public; Owner: carbon_foot
--

ALTER TABLE public.django_admin_log ALTER COLUMN id ADD GENERATED BY DEFAULT AS IDENTITY (
    SEQUENCE NAME public.django_admin_log_id_seq
    START WITH 1
    INCREMENT BY 1
    NO MINVALUE
    NO MAXVALUE
    CACHE 1
);


--
-- Name: django_content_type; Type: TABLE; Schema: public; Owner: carbon_foot
--

CREATE TABLE public.django_content_type (
    id integer NOT NULL,
    app_label character varying(100) NOT NULL,
    model character varying(100) NOT NULL
);


ALTER TABLE public.django_content_type OWNER TO carbon_foot;

--
-- Name: django_content_type_id_seq; Type: SEQUENCE; Schema: public; Owner: carbon_foot
--

ALTER TABLE public.django_content_type ALTER COLUMN id ADD GENERATED BY DEFAULT AS IDENTITY (
    SEQUENCE NAME public.django_content_type_id_seq
    START WITH 1
    INCREMENT BY 1
    NO MINVALUE
    NO MAXVALUE
    CACHE 1
);


--
-- Name: django_migrations; Type: TABLE; Schema: public; Owner: carbon_foot
--

CREATE TABLE public.django_migrations (
    id bigint NOT NULL,
    app character varying(255) NOT NULL,
    name character varying(255) NOT NULL,
    applied timestamp with time zone NOT NULL
);


ALTER TABLE public.django_migrations OWNER TO carbon_foot;

--
-- Name: django_migrations_id_seq; Type: SEQUENCE; Schema: public; Owner: carbon_foot
--

ALTER TABLE public.django_migrations ALTER COLUMN id ADD GENERATED BY DEFAULT AS IDENTITY (
    SEQUENCE NAME public.django_migrations_id_seq
    START WITH 1
    INCREMENT BY 1
    NO MINVALUE
    NO MAXVALUE
    CACHE 1
);


--
-- Name: django_session; Type: TABLE; Schema: public; Owner: carbon_foot
--

CREATE TABLE public.django_session (
    session_key character varying(40) NOT NULL,
    session_data text NOT NULL,
    expire_date timestamp with time zone NOT NULL
);


ALTER TABLE public.django_session OWNER TO carbon_foot;

--
-- Name: procurement_data_id_seq; Type: SEQUENCE; Schema: public; Owner: carbon_foot
--

CREATE SEQUENCE public.procurement_data_id_seq
    AS integer
    START WITH 1
    INCREMENT BY 1
    NO MINVALUE
    NO MAXVALUE
    CACHE 1;


ALTER SEQUENCE public.procurement_data_id_seq OWNER TO carbon_foot;

--
-- Name: procurement_data_id_seq; Type: SEQUENCE OWNED BY; Schema: public; Owner: carbon_foot
--

ALTER SEQUENCE public.procurement_data_id_seq OWNED BY public.calculate_procurement_data.id;


--
-- Name: accounts_benchmark id; Type: DEFAULT; Schema: public; Owner: carbon_foot
--

ALTER TABLE ONLY public.accounts_benchmark ALTER COLUMN id SET DEFAULT nextval('public.accounts_benchmark_id_seq'::regclass);


--
-- Name: calculate_category_carbon_impact id; Type: DEFAULT; Schema: public; Owner: carbon_foot
--

ALTER TABLE ONLY public.calculate_category_carbon_impact ALTER COLUMN id SET DEFAULT nextval('public.category_carbon_impact_id_seq'::regclass);


--
-- Name: calculate_procurement_data id; Type: DEFAULT; Schema: public; Owner: carbon_foot
--

ALTER TABLE ONLY public.calculate_procurement_data ALTER COLUMN id SET DEFAULT nextval('public.procurement_data_id_seq'::regclass);


--
-- Name: calculate_result id; Type: DEFAULT; Schema: public; Owner: carbon_foot
--

ALTER TABLE ONLY public.calculate_result ALTER COLUMN id SET DEFAULT nextval('public.calculate_result_id_seq'::regclass);


--
-- Data for Name: accounts_benchmark; Type: TABLE DATA; Schema: public; Owner: carbon_foot
--

COPY public.accounts_benchmark (id, space_type, year, avg_electricity_consumption, avg_gas_consumption, avg_water_consumption, electricity_multiplier, gas_multiplier, water_multiplier) FROM stdin;
1	Academic Laboratory	2024	186	181	1.7	1.12	1.37	1
2	Academic Office	2024	97	125	1.4	1.12	1.37	1
3	Admin Office	2024	103	132	1	1.12	1.37	1
4	Physical Sciences Laboratory	2024	0	0	1.7	1	1	1
5	Medical/Life Sciences Laboratory	2024	0	0	1.4	1	1	1
6	Engineering Laboratory	2024	0	0	1.7	1	1	1
7	Office/Admin Space	2024	0	0	1	1	1	1
\.


--
-- Data for Name: accounts_benchmarkdata; Type: TABLE DATA; Schema: public; Owner: carbon_foot
--

COPY public.accounts_benchmarkdata (id, consumption_type, category, amount, unit, year, notes, intensity, transmission_distribution) FROM stdin;
45	travel	air-eco-short-UK	1.00	km	2025	DEFRA 2025 Report	0.151000	\N
46	travel	air-business-short-UK	1.00	km	2025	DEFRA 2025 Report	0.227000	\N
47	travel	air-eco-long-UK	1.00	km	2025	DEFRA 2025 Report	0.148000	\N
48	travel	air-business-long-UK	1.00	km	2025	DEFRA 2025 Report	0.429000	\N
49	travel	air-eco-international	1.00	km	2025	DEFRA 2025 Report	0.141000	\N
50	travel	air-business-international	1.00	km	2025	DEFRA 2025 Report	0.408000	\N
51	travel	sea-ferry	1.00	km	2025	DEFRA 2025 Report	0.113000	\N
52	travel	land-car	1.00	km	2025	DEFRA 2025 Report	0.168000	\N
53	travel	land-motorbike	1.00	km	2025	DEFRA 2025 Report	0.114000	\N
54	travel	land-taxis	1.00	km	2025	DEFRA 2025 Report	0.149000	\N
55	travel	land-local-bus	1.00	km	2025	DEFRA 2025 Report	0.102000	\N
56	travel	land-coach	1.00	km	2025	DEFRA 2025 Report	0.027000	\N
57	travel	land-national-rail	1.00	km	2025	DEFRA 2025 Report	0.035000	\N
58	travel	land-international-rail	1.00	km	2025	DEFRA 2025 Report	0.004000	\N
59	travel	land-light-rail-tram	1.00	km	2025	DEFRA 2025 Report	0.029000	\N
60	water	Physical Sciences Laboratory	1.70	m³/m²	2024	Estimate based on usage	0.421000	0.2720
61	water	Medical/Life Sciences Laboratory	1.40	m³/m²	2024	Estimate based on usage	0.421000	0.2720
62	water	Engineering Laboratory	1.70	m³/m²	2024	Estimate based on usage	0.421000	0.2720
63	water	Office/Admin Space	1.00	m³/m²	2024	Estimate based on usage	0.421000	0.2720
64	electricity	Academic Laboratory	207.99	kWh/m²	2024	Source: Gov Energy Report	0.212000	0.0190
65	electricity	Academic Office	108.47	kWh/m²	2024	Source: Gov Energy Report	0.212000	0.0190
66	electricity	Admin Office	115.17	kWh/m²	2024	Source: Gov Energy Report	0.212000	0.0190
67	gas	Academic Laboratory	247.39	kWh/m²	2024	Source: Industry Report	0.183000	0.0188
68	gas	Academic Office	170.85	kWh/m²	2024	Source: Industry Report	0.183000	0.0188
69	gas	Admin Office	180.41	kWh/m²	2024	Source: Industry Report	0.183000	0.0188
70	waste	mixed-recycle	1.00	kg	2025	DEFRA 2025 Report	21.294000	\N
71	waste	general-waste	1.00	kg	2025	DEFRA 2025 Report	446.242000	\N
72	waste	clinical-waste	1.00	kg	2025	DEFRA 2025 Report	297.000000	\N
73	waste	chemical-waste	1.00	kg	2025	DEFRA 2025 Report	273.000000	\N
74	waste	bio-waste	1.00	kg	2025	DEFRA 2025 Report	1000.000000	\N
\.


--
-- Data for Name: accounts_conversionfactor; Type: TABLE DATA; Schema: public; Owner: carbon_foot
--

COPY public.accounts_conversionfactor (id, activity, value, unit) FROM stdin;
1	Electricity consumption (kWh)	0.21200	\N
2	Transmission & distribution (kg)	0.01900	\N
3	Gas consumption (kWh)	0.18300	\N
4	Water consumption (m3)	0.14900	\N
5	Water treatment (m3)	0.27200	\N
6	Air - Economy short-haul,	0.15100	\N
7	Air - Business short-haul, to/from	0.22700	\N
8	Air - Economy long-haul, to/from	0.14800	\N
9	Air - Business long-haul, to/from	0.42900	\N
10	Air - Economy international,	0.14100	\N
11	Air - Business international,	0.40800	\N
12	Sea - Ferry	0.11300	\N
13	Land - Car	0.16800	\N
14	Land - Motorbike	0.11400	\N
15	Land - Taxis	0.14900	\N
16	Land - Local Bus	0.10200	\N
17	Land - Coach	0.02700	\N
18	Land - National rail	0.03500	\N
19	Land - International rail	0.00400	\N
20	Land - Light rail and tram	0.02900	\N
21	Mixed recycling	21.29400	\N
22	General waste	446.24200	\N
23	Clinical waste	297.00000	\N
24	Chemical waste	273.00000	\N
25	Biological waste	1000.00000	\N
26	WEEE mixed recycling	21.29400	\N
\.


--
-- Data for Name: accounts_electricityconsumption; Type: TABLE DATA; Schema: public; Owner: carbon_foot
--

COPY public.accounts_electricityconsumption (id, total_area, proportion_of_research_group, benchmark_electricity_consumption, grid_carbon_intensity, transmission_distribution_intensity, total_emissions, space_type_id) FROM stdin;
1	200.5	0.8333333333333334	115.36000000000001	0.212	0.0194	4460.173293333334	10
2	150.75	0.8333333333333334	208.32000000000002	0.212	0.0194	6055.784280000001	8
\.


--
-- Data for Name: accounts_gasconsumption; Type: TABLE DATA; Schema: public; Owner: carbon_foot
--

COPY public.accounts_gasconsumption (id, total_area, proportion_of_research_group, benchmark_gas_consumption, gas_carbon_intensity, transmission_distribution_intensity, total_emissions, space_type_id) FROM stdin;
1	200.5	0.8333333333333334	180.84	0.183	0.0188	6097.457630000001	10
2	150.75	0.8333333333333334	247.97000000000003	0.183	0.0188	6286.318466250001	8
\.


--
-- Data for Name: accounts_generaldataentry; Type: TABLE DATA; Schema: public; Owner: carbon_foot
--

COPY public.accounts_generaldataentry (id, space_type, unit, total_area, mode_of_travel, distance, type_of_waste, amount, date_created, submission_id) FROM stdin;
1	Academic Laboratory	m²	500	\N	\N	\N	\N	2025-01-29 22:20:23.680289+00	1
2	Admin Office	m²	300	\N	\N	\N	\N	2025-01-29 22:20:23.680289+00	1
3	\N	\N	\N	Air - Economy short-haul, to/from UK	5000	\N	\N	2025-01-29 22:20:23.680289+00	2
4	\N	\N	\N	Air - Business short-haul, to/from UK	4000	\N	\N	2025-01-29 22:20:23.680289+00	2
5	\N	\N	\N	Air - Economy long-haul, to/from UK	10000	\N	\N	2025-01-29 22:20:23.680289+00	2
6	\N	\N	\N	Air - Business long-haul, to/from UK	9000	\N	\N	2025-01-29 22:20:23.680289+00	2
7	\N	\N	\N	Air - Economy international, to/from non-UK	12000	\N	\N	2025-01-29 22:20:23.680289+00	2
8	\N	\N	\N	Air - Business international, to/from non-UK	11000	\N	\N	2025-01-29 22:20:23.680289+00	2
9	\N	\N	\N	Sea - Ferry	200	\N	\N	2025-01-29 22:20:23.680289+00	2
10	\N	\N	\N	Land - Car	300	\N	\N	2025-01-29 22:20:23.680289+00	2
11	\N	\N	\N	Land - Motorbike	150	\N	\N	2025-01-29 22:20:23.680289+00	2
12	\N	\N	\N	Land - Taxis	50	\N	\N	2025-01-29 22:20:23.680289+00	2
13	\N	\N	\N	Land - Local Bus	80	\N	\N	2025-01-29 22:20:23.680289+00	2
14	\N	\N	\N	Land - Coach	500	\N	\N	2025-01-29 22:20:23.680289+00	2
15	\N	\N	\N	Land - National rail	600	\N	\N	2025-01-29 22:20:23.680289+00	2
16	\N	\N	\N	Land - International rail	700	\N	\N	2025-01-29 22:20:23.680289+00	2
17	\N	\N	\N	Land - Light rail and tram	100	\N	\N	2025-01-29 22:20:23.680289+00	2
18	\N	\N	\N	\N	\N	Mixed Recycling	50.3	2025-01-29 22:20:23.680289+00	3
19	\N	\N	\N	\N	\N	General Waste	30.2	2025-01-29 22:20:23.680289+00	3
20	\N	\N	\N	\N	\N	Clinical Waste	12.5	2025-01-29 22:20:23.680289+00	3
21	\N	\N	\N	\N	\N	Chemical Waste	8.1	2025-01-29 22:20:23.680289+00	3
22	\N	\N	\N	\N	\N	Biological Waste	5.6	2025-01-29 22:20:23.680289+00	3
23	\N	\N	\N	\N	\N	WEEE Mixed Recycling	3.2	2025-01-29 22:20:23.680289+00	3
24	Academic Laboratory	m²	500	\N	\N	\N	\N	2025-01-29 22:26:26.774882+00	1
25	Admin Office	m²	300	\N	\N	\N	\N	2025-01-29 22:26:26.774882+00	1
26	\N	\N	\N	Train	120.5	\N	\N	2025-01-29 22:26:26.774882+00	2
27	\N	\N	\N	Car	45	\N	\N	2025-01-29 22:26:26.774882+00	2
28	\N	\N	\N	\N	\N	Mixed Recycling	50.3	2025-01-29 22:26:26.774882+00	3
29	\N	\N	\N	\N	\N	General Waste	30.2	2025-01-29 22:26:26.774882+00	3
30	\N	\N	\N	\N	\N	Clinical Waste	12.5	2025-01-29 22:26:26.774882+00	3
31	\N	\N	\N	\N	\N	Chemical Waste	8.1	2025-01-29 22:26:26.774882+00	3
32	\N	\N	\N	\N	\N	Biological Waste	5.6	2025-01-29 22:26:26.774882+00	3
33	\N	\N	\N	\N	\N	WEEE Mixed Recycling	3.2	2025-01-29 22:26:26.774882+00	3
\.


--
-- Data for Name: accounts_proportionentry; Type: TABLE DATA; Schema: public; Owner: carbon_foot
--

COPY public.accounts_proportionentry (id, total_fte_research_group, fte_staff_on_project, proportion_research_group_on_project, submission_id) FROM stdin;
19	60	50	0.8333333333333334	1
20	45	28	0.6222222222222222	2
21	72	45	0.625	3
22	50	30	0.6	4
23	42	32	0.7619047619047619	5
24	55	22	0.4	6
25	38	16	0.42105263157894735	7
26	49	36	0.7346938775510204	8
27	32	12	0.375	9
\.


--
-- Data for Name: accounts_researchfield; Type: TABLE DATA; Schema: public; Owner: carbon_foot
--

COPY public.accounts_researchfield (name) FROM stdin;
Environmental Science
Sustainable Engineering
Climate Change Studies
Renewable Energy Systems
Water Resource Management
Carbon Footprint Analysis
\.


--
-- Data for Name: accounts_spacetypeentry; Type: TABLE DATA; Schema: public; Owner: carbon_foot
--

COPY public.accounts_spacetypeentry (id, space_type, unit, total_area, submission_id) FROM stdin;
8	Academic Laboratory	m²	150.75	1
9	Academic office	m²	120.75	1
10	Admin Office	m²	200.5	1
11	Engineering Laboratory	m²	180.25	2
12	Medical/Life Sciences Laboratory	m²	300	2
13	Physical Sciences Laboratory	m²	250	3
14	Office/Admin Space	m²	120	3
\.


--
-- Data for Name: accounts_submission; Type: TABLE DATA; Schema: public; Owner: carbon_foot
--

COPY public.accounts_submission (id, project_name, total_number_fte_research_group, number_fte_staff_working_on_project, proportion_research_group_working_on_project, date_submitted, user_id) FROM stdin;
1	AI in Healthcare Solutions	60	50	0.83	2023-01-10 09:00:00+00	1
2	Renewable Energy Grid Optimization	45	28	0.62	2023-02-22 14:15:00+00	2
3	Space Exploration: Mars Mission Preparations	72	45	0.63	2023-03-05 12:00:00+00	3
4	Advanced Robotics for Manufacturing	50	30	0.6	2023-03-15 08:30:00+00	4
5	Quantum Computing Breakthroughs	42	32	0.76	2023-04-15 09:30:00+00	2
6	Novel Alzheimer's Disease Treatments	55	22	0.4	2023-05-01 14:20:00+00	1
7	Next-Gen Sustainable Biofuel Development	38	16	0.42	2023-06-30 11:00:00+00	2
8	Personalized Cancer Immunotherapy Research	49	36	0.73	2023-07-20 16:45:00+00	3
9	Exoplanet Detection and Characterization	32	12	0.38	2023-08-10 10:15:00+00	2
\.


--
-- Data for Name: accounts_travelemission; Type: TABLE DATA; Schema: public; Owner: carbon_foot
--

COPY public.accounts_travelemission (id, mode_of_travel, distance, carbon_intensity, total_emissions, submission_id) FROM stdin;
1	Air - Economy short-haul, to/from UK	5000	0.15100	755.00000	2
2	Air - Business short-haul, to/from UK	4000	0.22700	908.00000	2
3	Air - Economy long-haul, to/from UK	10000	0.14800	1480.00000	2
4	Air - Business long-haul, to/from UK	9000	0.42900	3861.00000	2
5	Air - Economy international, to/from non-UK	12000	0.14100	1692.00000	2
6	Air - Business international, to/from non-UK	11000	0.40800	4488.00000	2
7	Sea - Ferry	200	0.11300	22.60000	2
8	Land - Car	300	0.16800	50.40000	2
9	Land - Motorbike	150	0.11400	17.10000	2
10	Land - Taxis	50	0.14900	7.45000	2
11	Land - Local Bus	80	0.10200	8.16000	2
12	Land - Coach	500	0.02700	13.50000	2
13	Land - National rail	600	0.03500	21.00000	2
14	Land - International rail	700	0.04100	28.70000	2
15	Land - Light rail and tram	100	0.02900	2.90000	2
\.


--
-- Data for Name: accounts_university; Type: TABLE DATA; Schema: public; Owner: carbon_foot
--

COPY public.accounts_university (name) FROM stdin;
Abertay University
Aberystwyth University
Anglia Ruskin University
Aston University
Bangor University
Bath Spa University
Birkbeck, University of London
Birmingham City University
Bishop Grosseteste University
Bournemouth University
Brunel University London
Buckinghamshire New University
Canterbury Christ Church University
Cardiff Metropolitan University
Cardiff University
University of Aberdeen
University of Bath
University of Birmingham
University of Bolton
University of Bradford
University of Brighton
University of Bristol
University of Buckingham
University of Cambridge
University of Central Lancashire
University of Chester
University of Chichester
University of Cumbria
University of Derby
University of Dundee
University of Durham
University of East Anglia
University of East London
University of Edinburgh
University of Essex
University of Exeter
University of Glasgow
University of Gloucestershire
University of Greenwich
University of Hertfordshire
University of Huddersfield
University of Hull
University of Keele
University of Kent
University of Lancaster
University of Leeds
University of Leicester
University of Lincoln
University of Liverpool
University of London
University of Manchester
University of Newcastle upon Tyne
University of Northampton
University of Nottingham
University of Oxford
University of Plymouth
University of Portsmouth
University of Reading
University of Salford
University of Sheffield
University of Southampton
University of St Andrews
University of Stirling
University of Strathclyde
University of Sunderland
University of Surrey
University of Sussex
University of the Arts London
University of the West of England
University of the West of Scotland
University of Wales
University of Warwick
University of Westminster
University of Winchester
University of Wolverhampton
University of Worcester
University of York
\.


--
-- Data for Name: accounts_user; Type: TABLE DATA; Schema: public; Owner: carbon_foot
--

COPY public.accounts_user (id, password, last_login, is_superuser, username, first_name, last_name, is_staff, is_active, date_joined, email, institute_id, research_field_id, is_admin, is_researcher, is_verified) FROM stdin;
1	pbkdf2_sha256$600000$5RpJg3Rtza9i9zBSW6MjvW$NQswlVRTAU0QOxTQbgOO6XPUiuPJni3T82d0b56+6g8=	2025-01-29 22:08:04.711798+00	f	pratmaty	Pratt	Redman	f	t	2025-01-29 22:07:45.478265+00	adsfdsa@stu.gla.ac.uk	\N	\N	f	f	f
4	pbkdf2_sha256$600000$jOzbmyDh9nvIiuLYUl35an$1jKlyUXnWmURcgVAxRZqDFTTbJawlMA3koc4xLmLbl0=	\N	f	beetroot	Betty	Foster	f	t	2025-01-29 22:11:45.93357+00	asdfasdv@stu.ga.ac.uk	\N	\N	f	f	f
2	pbkdf2_sha256$600000$At4EMRpzz5FqTOleXbGk1l$Qz/UGzq7gjcrHrqB6OZYeaEkKS5RBCoiVPOBzQrjgR8=	2025-01-29 22:12:28.354429+00	f	carbonfoot	Carbonfoot	Test	f	t	2025-01-29 22:09:16.992218+00	asdfasd2@ed.ac.uk	\N	\N	f	f	f
5	hashed_password_1	\N	f	alice	Alice	Johnson	f	t	2025-01-29 22:26:17.18664+00	alice@university.co.uk	1	1	f	t	t
6	hashed_password_2	\N	f	bob	Bob	Smith	f	t	2025-01-29 22:26:17.18664+00	bob@research.co.uk	2	1	f	t	f
7	hashed_password_3	\N	f	charlie	Charlie	Brown	f	t	2025-01-29 22:26:17.18664+00	charlie@science.co.uk	1	2	t	f	t
8	hashed_password_4	\N	t	david	David	Lee	t	t	2025-01-29 22:26:17.18664+00	david@institute.co.uk	2	2	t	f	t
3	pbkdf2_sha256$600000$pxLj6CB0T917wZVnmBAEdF$v71C1PI3Wbr6HDqujC8xgJbm3et3ZSziPQoc91DcsMk=	2025-02-19 12:15:23.415139+00	f	cipher	Cipher	Reed	f	t	2025-01-29 22:10:37.997918+00	yiuweahk@op.ac.uk	\N	\N	f	f	f
\.


--
-- Data for Name: accounts_user_groups; Type: TABLE DATA; Schema: public; Owner: carbon_foot
--

COPY public.accounts_user_groups (id, user_id, group_id) FROM stdin;
\.


--
-- Data for Name: accounts_user_user_permissions; Type: TABLE DATA; Schema: public; Owner: carbon_foot
--

COPY public.accounts_user_user_permissions (id, user_id, permission_id) FROM stdin;
\.


--
-- Data for Name: accounts_wasteemission; Type: TABLE DATA; Schema: public; Owner: carbon_foot
--

COPY public.accounts_wasteemission (id, type_of_waste, amount, carbon_intensity, total_emissions, submission_id) FROM stdin;
\.


--
-- Data for Name: accounts_waterconsumption; Type: TABLE DATA; Schema: public; Owner: carbon_foot
--

COPY public.accounts_waterconsumption (id, total_area, proportion_of_research_group, benchmark_water_consumption, water_consumption, water_consumption_carbon_intensity, water_treatment_carbon_intensity, total_emissions, space_type_id) FROM stdin;
\.


--
-- Data for Name: auth_group; Type: TABLE DATA; Schema: public; Owner: carbon_foot
--

COPY public.auth_group (id, name) FROM stdin;
\.


--
-- Data for Name: auth_group_permissions; Type: TABLE DATA; Schema: public; Owner: carbon_foot
--

COPY public.auth_group_permissions (id, group_id, permission_id) FROM stdin;
\.


--
-- Data for Name: auth_permission; Type: TABLE DATA; Schema: public; Owner: carbon_foot
--

COPY public.auth_permission (id, name, content_type_id, codename) FROM stdin;
1	Can add log entry	1	add_logentry
2	Can change log entry	1	change_logentry
3	Can delete log entry	1	delete_logentry
4	Can view log entry	1	view_logentry
5	Can add permission	2	add_permission
6	Can change permission	2	change_permission
7	Can delete permission	2	delete_permission
8	Can view permission	2	view_permission
9	Can add group	3	add_group
10	Can change group	3	change_group
11	Can delete group	3	delete_group
12	Can view group	3	view_group
13	Can add content type	4	add_contenttype
14	Can change content type	4	change_contenttype
15	Can delete content type	4	delete_contenttype
16	Can view content type	4	view_contenttype
17	Can add session	5	add_session
18	Can change session	5	change_session
19	Can delete session	5	delete_session
20	Can view session	5	view_session
21	Can add user	6	add_user
22	Can change user	6	change_user
23	Can delete user	6	delete_user
24	Can view user	6	view_user
25	Can add benchmark data	7	add_benchmarkdata
26	Can change benchmark data	7	change_benchmarkdata
27	Can delete benchmark data	7	delete_benchmarkdata
28	Can view benchmark data	7	view_benchmarkdata
29	Can add conversion factor	8	add_conversionfactor
30	Can change conversion factor	8	change_conversionfactor
31	Can delete conversion factor	8	delete_conversionfactor
32	Can view conversion factor	8	view_conversionfactor
33	Can add space type entry	9	add_spacetypeentry
34	Can change space type entry	9	change_spacetypeentry
35	Can delete space type entry	9	delete_spacetypeentry
36	Can view space type entry	9	view_spacetypeentry
37	Can add submission	10	add_submission
38	Can change submission	10	change_submission
39	Can delete submission	10	delete_submission
40	Can view submission	10	view_submission
41	Can add water consumption	11	add_waterconsumption
42	Can change water consumption	11	change_waterconsumption
43	Can delete water consumption	11	delete_waterconsumption
44	Can view water consumption	11	view_waterconsumption
45	Can add waste emission	12	add_wasteemission
46	Can change waste emission	12	change_wasteemission
47	Can delete waste emission	12	delete_wasteemission
48	Can view waste emission	12	view_wasteemission
49	Can add travel emission	13	add_travelemission
50	Can change travel emission	13	change_travelemission
51	Can delete travel emission	13	delete_travelemission
52	Can view travel emission	13	view_travelemission
53	Can add proportion entry	14	add_proportionentry
54	Can change proportion entry	14	change_proportionentry
55	Can delete proportion entry	14	delete_proportionentry
56	Can view proportion entry	14	view_proportionentry
57	Can add general data entry	15	add_generaldataentry
58	Can change general data entry	15	change_generaldataentry
59	Can delete general data entry	15	delete_generaldataentry
60	Can view general data entry	15	view_generaldataentry
61	Can add gas consumption	16	add_gasconsumption
62	Can change gas consumption	16	change_gasconsumption
63	Can delete gas consumption	16	delete_gasconsumption
64	Can view gas consumption	16	view_gasconsumption
65	Can add electricity consumption	17	add_electricityconsumption
66	Can change electricity consumption	17	change_electricityconsumption
67	Can delete electricity consumption	17	delete_electricityconsumption
68	Can view electricity consumption	17	view_electricityconsumption
69	Can add research field	18	add_researchfield
70	Can change research field	18	change_researchfield
71	Can delete research field	18	delete_researchfield
72	Can view research field	18	view_researchfield
73	Can add university	19	add_university
74	Can change university	19	change_university
75	Can delete university	19	delete_university
76	Can view university	19	view_university
77	Can add calculation record	20	add_calculationrecord
78	Can change calculation record	20	change_calculationrecord
79	Can delete calculation record	20	delete_calculationrecord
80	Can view calculation record	20	view_calculationrecord
\.


--
-- Data for Name: calculate_category_carbon_impact; Type: TABLE DATA; Schema: public; Owner: carbon_foot
--

COPY public.calculate_category_carbon_impact (id, category, carbon_impact) FROM stdin;
1	Bread	0.153731627
2	Other breads and cereals	0.153731627
3	Pasta products	0.153731627
4	Buns, crispbread and biscuits	0.676171996
5	Cakes and puddings	0.676171996
6	Pastry (savoury)	1.134295316
7	Beef (fresh, chilled or frozen)	2.471200255
8	Pork (fresh, chilled or frozen)	2.471200255
9	Lamb (fresh, chilled or frozen)	2.471200255
10	Poultry (fresh, chilled or frozen)	2.471200255
11	Bacon and ham	2.471200255
12	Sausages	2.471200255
13	Offal, pate etc	2.471200255
14	Other preserved or processed meat and meat preparations	2.471200255
15	Other fresh, chilled or frozen edible meat	2.471200255
16	Fish (fresh, chilled or frozen)	0.170300491
17	Seafood, dried, smoked or salted fish	0.170300491
18	Other preserved or processed fish and seafood	0.170300491
19	Whole milk	0.453754229
20	Low fat milk	0.453754229
21	Preserved milk	0.453754229
22	Cheese and curd	0.453754229
23	Eggs	0.453754229
24	Other milk products	0.453754229
25	Yoghurt	0.453754229
26	Butter	0.453754229
27	Margarine and other vegetable fats and peanut butter	0.453754229
28	Olive oil	0.642531091
29	Edible oils and other animal fats	0.642531091
30	Citrus fruits	0.072295344
31	Bananas	0.072295344
32	Apples	0.072295344
33	Pears	0.072295344
34	Stone fruits	0.072295344
35	Berries	0.072295344
36	Other fresh, chilled or frozen fruits	0.072295344
37	Dried fruit and nuts	0.072295344
38	Preserved fruit and fruit based products	0.072295344
39	Leaf and stem vegetables	0.072295344
40	Cabbages	0.072295344
41	Vegetables grown for their fruit	0.072295344
42	Root crops, non starchy bulbs and mushrooms	0.072295344
43	Dried vegetables	0.072295344
44	Other prepared or processed vegetables	0.072295344
45	Potatoes	0.072295344
46	Other tubers and products of tuber vegetables	0.072295344
47	Sugar	0.45812332
48	Other sugar products	0.45812332
49	Jams and marmalades	0.45812332
50	Chocolate	0.45812332
51	Confectionery products	0.45812332
52	Edible ices and ice cream	0.45812332
53	Sauces, condiments	0.45812332
54	Bakers yeast, dessert preparations, soups	0.45812332
55	Salt, spices, herbs and other food products	0.45812332
56	Coffee	0.39741597
57	Tea	0.39741597
58	Cocoa and powdered chocolate	0.39741597
59	Fruit and vegetable juices	0.207844819
60	Mineral or spring waters	0.39741597
61	Soft drinks	0.261405033
62	Spirits and liqueurs	0.080127809
63	Wine from grape or other fruit	0.080127809
64	Fortified wine	0.080127809
65	Champagne and sparkling wines	0.080127809
66	Beer and lager	0.080127809
67	Ciders and Perry	0.080127809
68	Alcopops	0.080127809
69	Cigarettes	0.060818141
70	Cigars	0.060818141
71	Other tobacco	0.060818141
72	Men s outer garments	0.278091331
73	Men s under garments	0.278091331
74	Women s outer garments	0.278091331
75	Women s under garments	0.278091331
76	Boys outer garments	0.278091331
77	Girls outer garments	0.278091331
78	Infants outer garments	0.278091331
79	Children s under garments	0.278091331
80	Men s accessories	0.125561121
81	Women s accessories	0.125561121
82	Children s accessories	0.125561121
83	Protective head gear	0.125561121
84	Haberdashery, clothing materials and clothing hire	3.070901332
85	Dry cleaners and dyeing	0.191630182
86	Laundry, laundrettes	0.191630182
87	Footwear for men	0.311164435
88	Footwear for women	0.311164435
89	Footwear for children and infants	0.311164435
90	Repair and hire of footwear	0.4163506
91	Actual rentals	0.162125568
92	Imputed rent	3.992579572
93	Central heating repairs	0.001164527
94	House maintenance	0.099479276
95	Paint, wallpaper, timber	0.087656148
96	Equipment hire, small materials	0.099479276
97	Water charges	0.310331513
98	Other regular housing payments incl service charge for rent	0.310331513
99	Refuse collection including skip hire	0.310331513
100	Electricity	2.248806852
101	Gas	6.965762796
102	Coal and coke	0.527581716
103	Oil for central heating	0.527581716
104	Paraffin, weed, peat, hot water etc	0.527581716
105	Furniture	0.183348304
106	Fancy/decorative goods	0.435539025
107	Garden furniture	0.183348304
108	Soft floor coverings	0.262857827
109	Hard floor coverings	0.010667107
110	Bedroom textiles including duvets and pillows	0.97879421
111	Other household textiles, including cushions, towels, curtains	0.97879421
112	Gas cookers	0.150882815
113	Electric cookers, combined gas/electric cookers	0.150882815
114	Clothes washing machines and clothes drying machines	0.150882815
115	Refrigerators, freezers and fridge freezers	0.150882815
116	Other major electrical appliances e.g. dish washers, microwaves, vacuum cleaners, heaters	0.150882815
117	Fire extinguishers	0.150882815
118	Small electric household appliances	0.150882815
119	Spare parts for appliances and repairs	0.357209497
120	Rental/hire of major hhold appliances	0.357209497
121	Glassware, china, pottery, cutlery and silverware	1.239166328
122	Kitchen and domestic utensils	1.239166328
123	Repair of glassware, tableware and household utensils	1.239166328
124	Storage and other durable household articles	1.239166328
125	Electrical tools	0.115740481
126	Garden tools, equipment and accessories	0.115740481
127	Small tools	0.115740481
128	Door, electrical and other fittings	0.115740481
129	Electrical consumables	0.115740481
130	Detergents, washing-up liquid, washing powder	0.082936432
131	Disinfectants, polishes, other cleaning materials, some pest controls	0.082936432
132	Kitchen disposables	0.091142702
133	Household hardware and appliances, matches	0.091142702
134	Kitchen gloves, cloths etc	0.091142702
135	Pins, needles, tape measures, nails, nuts and bolts	0.082936432
136	Domestic services including cleaners, gardeners, au pairs	0.031291462
137	Carpet cleaning , ironing service and window cleaner	0.031291462
138	Hire/repair of household furniture and furnishings	0.031291462
139	NHS prescription charges and payments	2.548296429
140	Medicines and medical goods (not NHS)	2.080352844
141	Other medical products	2.080352844
142	Non-optical appliances and equipment	2.080352844
143	Purchase of spectacles, lenses, prescription sunglasses	0.25506704
144	Accessories/repairs to spectacles/lenses	0.25506704
145	NHS medical, optical, dental and medical auxiliary services	0.297182429
146	Private medical, optical, dental and auxiliary services	0.297182429
147	Other services	0.297182429
148	In-patient hospital services	0.297182429
149	New cars/vans outright purchase	0.260321195
150	New cars/vans loan/HP purchase	0.260321195
151	Second-hand cars/vans outright purchase	0.260321195
152	Second-hand cars/vans loan/HP purchase	0.260321195
153	Outright purchase of new or second-hand motorcycles	0.19702072
154	Loan/HP purchase of new or second-hand motor cycles	0.19702072
155	Purchase of bicycles and other vehicles	0.19702072
156	Can/van accessories and fittings	0.110633781
157	Car/van spare parts	0.110633781
158	Motorcycle accessories and spare parts	0.110633781
159	Bicycle accessories and spare parts	0.110633781
160	Petrol	4.38974558
161	Diesel oil	0.918214238
162	Other motor oils	0.918214238
163	Car of van repairs, servicing and other work	0.560681609
164	Motor cycle repairs and servicing	0.560681609
165	Motoring organisation subscription	0.490687819
166	Garage rent other costs, car washing	0.490687819
167	Parking fees, tolls and permits	0.490687819
168	Driving lessons	0.512310718
169	Anti-freeze, battery water, cleaning materials	0.498237419
170	Rail and tube season tickets	0.505393081
171	Rail and tube other than season tickets	0.505393081
172	Bus and coach season tickets	0.705107868
173	Bus and coach other than season tickets	0.705107868
174	Combined fares other than season tickets	9.496162697
175	Combined fares season tickets	9.496162697
176	Air fares within UK	0.894590685
177	Air fares international	0.894590685
178	School travel	1.190862676
179	Taxis and hired cars with drivers	0.705107868
180	Other personal travel and transport services	10.37111511
181	Hire of self drive cars, vans, bicycles	0.705107868
182	Car leasing	0.705107868
183	Water travel, ferries and season tickets	8.324938294
184	Postal services	0.481477135
185	Telephone purchase	0.282727707
186	Mobile phone purchase	0.282727707
187	Answering machine, fax machine purchase	0.282727707
188	Telephone account	0.174456693
189	Telephone coin and other payments	0.174456693
190	Mobile phone account	0.174456693
191	Mobile phone other payments	0.174456693
192	Internet subscription fees	0.174456693
193	Audio equipment, CD players incl. in car	0.759525098
194	Audio accessories e.g. tapes, CDs, headphones	0.759525098
195	Purchase of TV and digital decoder	0.759525098
196	Satellite dish purchase and installation	0.759525098
197	Cable TV connection	0.759525098
198	Video recorder	0.759525098
199	DVD player/recorder	0.759525098
200	Blank, pre-recorded video cassettes and DVDs	0.759525098
201	Personal computers, printers and calculators	0.759525098
202	Spare parts for TV, video, audio	0.759525098
203	Repair of AV	0.759525098
204	Photographic and cine equipment	0.94825062
205	Camera films	0.94825062
206	Optical instruments, binoculars, telescopes	0.94825062
207	Purchase of boats, trailers and horses	1.602258278
208	Purchase of caravans, mobile homes	0.998859236
209	Accessories for boats, horses, caravans and motorhomes	0.998859236
210	Musical instruments	0.029935573
211	Major durables for indoor recreation	0.998859236
212	Maintenance and repair or other major durables for recreation and culture	0.998859236
213	Purchase of motor caravan - outright purchase	0.998859236
214	Purchase of motor caravan - loan/HP	0.998859236
215	Games, toys and hobbies	0.432115934
216	Computer software and games cartridges	1.502246532
217	Console computer games	1.502246532
218	Equipment for sport, camping and open-air recreation	0.432115934
219	BBQ and swings	0.410409127
220	Plants, flowers, seeds, fertilisers, insecticides	1.198948662
221	Garden decorative	0.406430231
222	Artificial flowers, pot pourri	0.406430231
223	Pet food	1.246364913
224	Pet purchase and accessories	0.920405757
225	Veterinary and other services for pets	0.573658578
226	Spectator sports - admission charges	0.15084241
227	Participant sports	0.15084241
228	Subscriptions to sports and social clubs	0.15084241
229	Hire of equipment for sport	0.15084241
230	Leisure class fees	0.15084241
231	Cinemas	0.240931186
232	Live entertainment, theatre, concerts, shows	0.240931186
233	Museums, zoological gardens, theme parks	0.240931186
234	TV licences	0.240931186
235	Satellite subscriptions	0.240931186
236	Rent for TV/Satellite/VCR	0.240931186
237	Cable subscriptions	0.240931186
238	TV slot meter payments	0.240931186
239	Video, cassette and CD hire	0.240931186
240	Admissions to clubs, dances. Discos, bingo	0.422872609
241	Social events and gatherings	0.422872609
242	Subscriptions for leisure activities	0.422872609
243	Development of film, photos	0.045401217
244	Football pools stakes	0.351059928
245	Bingo stakes	0.351059928
246	Lottery	0.351059928
247	Bookmaker, tote, other betting stakes	0.351059928
248	Books	0.186338433
249	Diaries, address books, cards etc	0.186338433
250	Cards, calendars, posters and other printed matter	0.186338433
251	Newspapers	0.186338433
252	Magazines and periodicals	0.186338433
253	Education	0.297061341
254	Educational trips	0.297061341
255	Restaurant and café meals	0.430411526
256	Alcoholic beverages	0.430411526
257	Takeaway meals	0.430411526
258	Hot food and cold food	0.430411526
259	Confectionery	0.430411526
260	Ice cream	0.430411526
261	Soft drink	0.430411526
262	Contract catering	0.430411526
263	School meals	0.430411526
264	Meals bought in workplace	0.430411526
265	Holiday in the UK	0.425335085
266	Holiday abroad	0.425335085
267	Room hire	0.425335085
268	Hairdressing, beauty treatment	0.313875454
269	Toilet paper	0.83111496
270	Toiletries	0.123186682
271	Bar of soap, liquid soap, shower gel	0.123186682
272	Toilet requisites	0.123186682
273	Baby toiletries and accessories	0.123186682
274	Hair products	0.123186682
275	Cosmetics and related accessories	0.123186682
276	Electrical appliances for personal care	0.123186682
277	Jewellery clocks and watches and other personal effects	0.334714679
278	Leather and travel goods	0.334714679
279	Sunglasses	0.334714679
280	Baby equipment	0.334714679
281	Prams, pram accessories	0.334714679
282	Repairs to personal goods	0.334714679
283	Residential homes	0.432033388
284	Home help	0.432033388
285	Nursery, creche, playschools	0.432033388
286	Child care payments	0.432033388
287	Structure insurance	0.143239475
288	Contents insurance	0.143239475
289	Insurance for household items	0.143239475
290	Medical insurance premiums	0.143239475
291	Vehicle insurance	0.143239475
292	Boat insurance	0.143239475
293	Non package holiday, other travel insurance	0.143239475
294	Moving and storage of furniture	0.010710758
295	Property transaction - purchase and sale	0.010710758
296	Property transaction - sale only	0.010710758
297	Property transaction - purchase only	0.010710758
298	Property transaction - other payments	0.010710758
299	Bank building society fees	0.001372447
300	Bank and post office counter charges	0.001372447
301	Credit card fees	0.001372447
302	Other professional fees	2.791651775
303	Legal fees	2.791651775
304	Funeral expenses	2.791651775
305	TU and professional organisations	2.791651775
306	Other payments for services	2.791651775
307	Non-profit institutions serving households	0.091477097
308	Central government	0.132364773
309	Local Authorities	0.185165841
310	Gross fixed capital formation	0.249064243
311	Unclassified	0.38
\.


--
-- Data for Name: calculate_procurement_data; Type: TABLE DATA; Schema: public; Owner: carbon_foot
--

COPY public.calculate_procurement_data (id, code, description_dict) FROM stdin;
1	A	{"Audio equipment, CD players incl. in car": 1}
2	AA	{"Audio equipment, CD players incl. in car": 1}
3	AB	{"Major durables for indoor recreation": 1}
4	AC	{"Electrical consumables": 1}
5	AD	{"Musical instruments": 1}
6	AE	{"Photographic and cine equipment": 1}
7	AF	{"Live entertainment, theatre, concerts, shows": 1}
8	AG	{"Haberdashery, clothing materials and clothing hire": 0.5, "Pins, needles, tape measures, nails, nuts and bolts": 0.5}
9	AH	{"Repair of AV": 1}
10	AJ	{"Spare parts for TV, video, audio": 1}
11	AK	{"Photographic and cine equipment": 1}
12	AL	{"Repair of AV": 1}
13	AM	{"Photographic and cine equipment": 1}
14	AN	{"Live entertainment, theatre, concerts, shows": 1}
15	AP	{"Audio equipment, CD players incl. in car": 1}
16	AQ	{"Unclassified": 1}
17	AR	{"Photographic and cine equipment": 1}
18	AT	{"Rent for TV/Satellite/VCR": 1}
19	AU	{"Repair of AV": 1}
20	AZ	{"Audio equipment, CD players incl. in car": 1}
21	B	{"Magazines and periodicals": 1}
22	BA	{"Diaries, address books, cards etc": 1}
23	BB	{"Diaries, address books, cards etc": 1}
24	BC	{"Magazines and periodicals": 1}
25	BD	{"Magazines and periodicals": 1}
26	BE	{"Internet subscription fees": 1}
27	BF	{"Diaries, address books, cards etc": 1}
28	BG	{"Diaries, address books, cards etc": 1}
29	BI	{"Magazines and periodicals": 1}
30	BJ	{"Audio accessories e.g. tapes, CDs, headphones": 1}
31	BK	{"Mobile phone other payments": 1}
32	BL	{"Magazines and periodicals": 1}
33	BM	{"Cards, calendars, posters and other printed matter": 1}
34	BN	{"Maintenance and repair or other major durables for recreation and culture": 1}
35	BP	{"Computer software and games cartridges": 1}
36	BQ	{"Computer software and games cartridges": 1}
37	BR	{"Computer software and games cartridges": 1}
38	BS	{"Internet subscription fees": 1}
39	BT	{"Maintenance and repair or other major durables for recreation and culture": 1}
40	BV	{"Magazines and periodicals": 1}
41	BW	{"Maintenance and repair or other major durables for recreation and culture": 1}
42	BZ	{"Other services": 1}
43	C	{"Contract catering": 0.5, "Other fresh, chilled or frozen edible meat": 0.5}
44	CA	{"Alcoholic beverages": 1}
45	CB	{"Bread": 1}
46	CC	{"Whole milk": 1}
47	CS	{"Poultry (fresh, chilled or frozen)": 0.5, "Other fresh, chilled or frozen fruits": 0.5}
48	CE	{"Salt, spices, herbs and other food products": 1}
49	CF	{"Glassware, china, pottery, cutlery and silverware": 1}
50	CG	{"Repair of glassware, tableware and household utensils": 1}
51	CH	{"Beef (fresh, chilled or frozen)": 1}
52	CJ	{"Soft drinks": 1}
53	CK	{"Glassware, china, pottery, cutlery and silverware": 1}
54	CL	{"Rental/hire of major hhold appliances": 1, "Other major electrical appliances e.g. dish washers, microwaves, vacuum cleaners, heaters": 1}
55	CM	{"Pears": 1}
56	CN	{"Fancy/decorative goods": 1}
57	CP	{"Fish (fresh, chilled or frozen)": 1}
58	CQ	{"Confectionery products": 1}
59	CR	{"Small electric household appliances": 1}
60	CS	{"Live entertainment, theatre, concerts, shows": 1}
61	CT	{"Contract catering": 1}
62	CU	{"Contract catering": 1}
63	CV	{"Alcoholic beverages": 1}
64	CY	{"Other tobacco": 1}
65	CZ	{"Contract catering": 1}
66	D	{"Other medical products": 1}
67	DA	{"Other medical products": 1}
68	DB	{"Non-optical appliances and equipment": 1}
69	DC	{"Other medical products": 1}
70	DD	{"Other medical products": 1}
71	DE	{"Men s outer garments": 1}
72	DF	{"Private medical, optical, dental and auxiliary services": 1}
73	DG	{"Unclassified": 1}
74	DH	{"In-patient hospital services": 1}
75	DJ	{"Other medical products": 1}
76	DK	{"Equipment for sport, camping and open-air recreation": 1}
77	DL	{"Medicines and medical goods (not NHS)": 1}
78	DZ	{"Other medical products": 1}
79	E	{"Pet food": 0.5, "Plants, flowers, seeds, fertilisers, insecticides": 0.5}
80	EA	{"Pet purchase and accessories": 1}
81	EB	{"Pet food": 1}
82	EC	{"Purchase of boats, trailers and horses": 1}
83	ED	{"Accessories for boats, horses, caravans and motorhomes": 1}
84	EF	{"Car of van repairs, servicing and other work": 1}
85	EG	{"Rental/hire of major hhold appliances": 1}
86	EH	{"Plants, flowers, seeds, fertilisers, insecticides": 1}
87	EJ	{"Veterinary and other services for pets": 1}
88	EK	{"Plants, flowers, seeds, fertilisers, insecticides": 1}
89	EL	{"Garden tools, equipment and accessories": 1}
90	EM	{"Plants, flowers, seeds, fertilisers, insecticides": 1}
91	EN	{"Purchase of boats, trailers and horses": 1}
92	EP	{"Pet purchase and accessories": 1}
93	ER	{"Unclassified": 1}
94	ES	{"Plants, flowers, seeds, fertilisers, insecticides": 1}
95	ET	{"Veterinary and other services for pets": 1}
96	EZ	{"Other services": 1}
97	F	{"Furniture": 1}
98	FA	{"Electric cookers, combined gas/electric cookers": 1}
99	FB	{"Furniture": 1}
100	FC	{"Furniture": 1}
101	FD	{"Hard floor coverings": 0.25, "Soft floor coverings": 0.75}
102	FE	{"Bedroom textiles including duvets and pillows": 1}
103	FF	{"Furniture": 0.25, "Bedroom textiles including duvets and pillows": 0.75}
104	FG	{"Other household textiles, including cushions, towels, curtains": 1}
105	FH	{"Major durables for indoor recreation": 0.5, "Equipment for sport, camping and open-air recreation": 0.5}
106	FJ	{"Moving and storage of furniture": 1}
107	FK	{"Hire/repair of household furniture and furnishings": 1}
108	FL	{"Furniture": 1}
109	FM	{"Unclassified": 1}
110	FN	{"Storage and other durable household articles": 1}
111	FO	{"Storage and other durable household articles": 1}
112	FP	{"Storage and other durable household articles": 1}
113	FQ	{"Jewellery clocks and watches and other personal effects": 1}
114	FR	{"Furniture": 1}
115	FS	{"Cosmetics and related accessories": 1}
116	FT	{"Garden furniture": 1}
117	FU	{"Furniture": 1}
118	FZ	{"Furniture": 1}
119	G	{"Participant sports": 1}
120	GA	{"Equipment for sport, camping and open-air recreation": 1}
121	GB	{"Equipment for sport, camping and open-air recreation": 1}
122	GC	{"Maintenance and repair or other major durables for recreation and culture": 1}
123	GD	{"Hire of equipment for sport": 1}
124	GE	{"Equipment for sport, camping and open-air recreation": 1}
125	GF	{"Equipment for sport, camping and open-air recreation": 0.5}
126	GG	{"Men s outer garments": 1}
127	GH	{"Hire of equipment for sport": 1}
128	GJ	{"Equipment for sport, camping and open-air recreation": 1}
129	H	{"Domestic services including cleaners, gardeners, au pairs": 1}
130	HA	{"Detergents, washing-up liquid, washing powder": 1}
131	HB	{"Other major electrical appliances e.g. dish washers, microwaves, vacuum cleaners, heaters": 1}
132	HC	{"Kitchen gloves, cloths etc": 1}
133	HD	{"Domestic services including cleaners, gardeners, au pairs": 1}
134	KC	{"Spare parts for TV, video, audio": 1}
135	KD	{"Personal computers, printers and calculators": 1}
136	KE	{"Computer software and games cartridges": 1}
137	KF	{"Personal computers, printers and calculators": 1}
138	KG	{"Personal computers, printers and calculators": 1}
139	KH	{"Personal computers, printers and calculators": 1}
140	KI	{"Personal computers, printers and calculators": 1}
141	KJ	{"Repair of AV": 0.5, "Other services": 0.5}
142	KK	{"Personal computers, printers and calculators": 1}
143	KL	{"Personal computers, printers and calculators": 1}
144	KM	{"Audio accessories e.g. tapes, CDs, headphones": 1}
145	KN	{"Computer software and games cartridges": 1}
146	KO	{"Other services": 1}
147	KP	{"Audio accessories e.g. tapes, CDs, headphones": 1}
148	KQ	{"Personal computers, printers and calculators": 1}
149	KR	{"Computer software and games cartridges": 1}
150	KS	{"Other services": 1}
151	KT	{"Repair of AV": 1}
152	KU	{"Rent for TV/Satellite/VCR": 1}
153	KV	{"Personal computers, printers and calculators": 1}
154	KW	{"Computer software and games cartridges": 1}
155	KZ	{"Personal computers, printers and calculators": 1}
156	L	{"Veterinary and other services for pets": 1}
157	LA	{"Other medical products": 1}
158	LB	{"Pet purchase and accessories": 1}
159	LC	{"Other medical products": 1}
160	LD	{"Optical instruments, binoculars, telescopes": 1}
161	LE	{"Other medical products": 1}
162	LF	{"Other medical products": 1}
163	LG	{"Other medical products": 1}
164	LH	{"Other medical products": 1}
165	LI	{"Other services": 1}
166	LJ	{"Men s outer garments": 1}
167	LK	{"Other medical products": 1}
168	LL	{"NHS medical, optical, dental and medical auxiliary services": 1}
169	LM	{"Other medical products": 1}
170	LN	{"Anti-freeze, battery water, cleaning materials": 1}
171	LP	{"Other medical products": 1}
172	LQ	{"Medicines and medical goods (not NHS)": 1}
173	LR	{"Medicines and medical goods (not NHS)": 1}
174	LS	{"Other medical products": 1}
175	LT	{"Medicines and medical goods (not NHS)": 1}
176	LU	{"Other medical products": 1}
177	LV	{"Other medical products": 1}
178	LW	{"Other medical products": 1}
179	LX	{"Other medical products": 1}
180	LY	{"Refuse collection including skip hire": 1}
181	LZ	{"Other medical products": 1}
182	M	{"Spare parts for appliances and repairs": 1}
183	MA	{"Household hardware and appliances, matches": 1}
184	MB	{"Electrical consumables": 1}
185	MC	{"Household hardware and appliances, matches": 1}
186	MD	{"Small tools": 1}
187	MD	{"Small tools": 1}
188	ME	{"Storage and other durable household articles": 1}
189	MF	{"Electrical tools": 1}
190	MG	{"Spare parts for appliances and repairs": 1}
191	MH	{"Spare parts for appliances and repairs": 1}
192	MJ	{"Paint, wallpaper, timber": 1}
193	MK	{"Paint, wallpaper, timber": 1}
194	ML	{"Glassware, china, pottery, cutlery and silverware": 1}
195	MM	{"Paint, wallpaper, timber": 1}
196	MN	{"Spare parts for appliances and repairs": 1}
197	MP	{"Spare parts for appliances and repairs": 1}
198	MQ	{"Door, electrical and other fittings": 1}
199	MR	{"Household hardware and appliances, matches": 1}
200	MS	{"Electrical consumables": 1}
201	MT	{"Pins, needles, tape measures, nails, nuts and bolts": 1}
202	MZ	{"Household hardware and appliances, matches": 1}
203	N	{"Museums, zoological gardens, theme parks": 1}
204	NA	{"Museums, zoological gardens, theme parks": 1}
205	NB	{"Museums, zoological gardens, theme parks": 1}
206	NC	{"Spare parts for appliances and repairs": 1}
207	ND	{"Other services": 1}
208	NE	{"Equipment hire, small materials": 1}
209	NF	{"Equipment hire, small materials": 1}
210	NG	{"Haberdashery, clothing materials and clothing hire": 1}
211	NH	{"Furniture": 1}
212	P	{"Cards, calendars, posters and other printed matter": 1}
213	PA	{"Cards, calendars, posters and other printed matter": 1}
214	PB	{"Development of film, photos": 1}
215	PC	{"Cards, calendars, posters and other printed matter": 1}
216	PD	{"Cards, calendars, posters and other printed matter": 1}
217	PE	{"Personal computers, printers and calculators": 1}
218	PF	{"Development of film, photos": 1}
219	PG	{"Cards, calendars, posters and other printed matter": 1}
220	PH	{"Cards, calendars, posters and other printed matter": 1}
221	PJ	{"Personal computers, printers and calculators": 1}
222	PK	{"Personal computers, printers and calculators": 1}
223	PZ	{"Cards, calendars, posters and other printed matter": 1}
224	Q	{"Telephone account": 1}
225	QA	{"Postal services": 1}
226	QB	{"Postal services": 1}
227	QC	{"Postal services": 1}
228	QD	{"Postal services": 1}
229	QE	{"Postal services": 1}
230	QF	{"Unclassified": 1}
231	QG	{"Telephone purchase": 1}
232	QH	{"Repair of AV": 1}
233	QJ	{"Telephone coin and other payments": 1}
234	QL	{"Mobile phone other payments": 1}
235	QM	{"Mobile phone other payments": 1}
236	QN	{"Audio accessories e.g. tapes, CDs, headphones": 1}
237	QP	{"Unclassified": 1}
238	QR	{"Mobile phone other payments": 1}
239	QS	{"Telephone coin and other payments": 1}
240	QT	{"Mobile phone other payments": 1}
241	QZ	{"Postal services": 1}
242	R	{"Other services": 1}
243	RA	{"Other services": 1}
244	RB	{"Other services": 1}
245	RC	{"Other services": 1}
246	RD	{"Other services": 1}
247	RE	{"Other services": 1}
248	RF	{"Structure insurance": 1}
249	RG	{"Other services": 1}
250	RH	{"Bank building society fees": 1}
251	RI	{"Other services": 1}
252	RJ	{"Other services": 1}
253	RK	{"Other services": 1}
254	RL	{"Other services": 1}
255	RM	{"Other services": 1}
256	RN	{"Internet subscription fees": 1}
257	RO	{"Education": 1}
258	RP	{"Other services": 1}
259	RQ	{"Other services": 1}
260	RR	{"Other services": 1}
261	RS	{"Other services": 1}
262	RT	{"Other services": 1}
263	RU	{"Other services": 1}
264	RV	{"Moving and storage of furniture": 1}
265	RW	{"Other services": 1}
266	RX	{"Other services": 1}
267	RY	{"Live entertainment, theatre, concerts, shows": 1}
268	RZ	{"Other services": 1}
269	S	{"Diaries, address books, cards etc": 1}
270	SA	{"Cards, calendars, posters and other printed matter": 1}
271	SB	{"Cards, calendars, posters and other printed matter": 1}
272	SC	{"Electrical tools": 1}
273	SD	{"Cards, calendars, posters and other printed matter": 1}
274	SE	{"Other services": 1}
275	SF	{"Cards, calendars, posters and other printed matter": 1}
276	SG	{"Personal computers, printers and calculators": 1}
277	SH	{"Cards, calendars, posters and other printed matter": 1}
278	SJ	{"Cards, calendars, posters and other printed matter": 1}
279	SK	{"Personal computers, printers and calculators": 1}
280	SL	{"Books": 1}
281	SZ	{"Cards, calendars, posters and other printed matter": 1}
282	T	{"Other personal travel and transport services": 1}
283	TA	{"Holiday abroad": 0.5, "Holiday in the UK": 0.5}
284	TB	{"Air fares within UK": 0.5, "Air fares international": 0.5}
285	TC	{"Water travel, ferries and season tickets": 1}
286	TD	{"Taxis and hired cars with drivers": 1}
287	TE	{"Petrol": 0.5, "Diesel oil": 0.5}
288	TF	{"Rail and tube season tickets": 0.5, "Rail and tube other than season tickets": 0.5}
289	TG	{"Holiday in the UK": 0.75, "Restaurant and café meals": 0.25}
290	TH	{"Car leasing": 0.5, "Hire of self drive cars, vans, bicycles": 0.5}
291	TJ	{"Hire of self drive cars, vans, bicycles": 1}
292	TK	{"Other personal travel and transport services": 1}
293	TL	{"Water travel, ferries and season tickets": 1}
294	TM	{"Holiday abroad": 0.5, "Holiday in the UK": 0.5}
295	TN	{"Other personal travel and transport services": 1}
296	TO	{"Moving and storage of furniture": 1}
297	TP	{"School travel": 1}
298	TQ	{"Other services": 0.5}
299	TR	{"Moving and storage of furniture": 1}
300	TS	{"Other services": 1}
301	TT	{"Holiday abroad": 0.5, "Holiday in the UK": 0.5}
302	TU	{"Other personal travel and transport services": 1}
303	TZ	{"Other personal travel and transport services": 1}
304	U	{"Other services": 1}
305	UA	{"Refuse collection including skip hire": 1}
306	UB	{"Fire extinguishers": 1}
307	RY	{"Live entertainment, theatre, concerts, shows": 1}
308	RZ	{"Other services": 1}
309	S	{"Diaries, address books, cards etc": 1}
310	SA	{"Cards, calendars, posters and other printed matter": 1}
311	SB	{"Cards, calendars, posters and other printed matter": 1}
312	SC	{"Electrical tools": 1}
313	SD	{"Cards, calendars, posters and other printed matter": 1}
314	SE	{"Other services": 1}
315	SF	{"Cards, calendars, posters and other printed matter": 1}
316	SG	{"Personal computers, printers and calculators": 1}
317	SH	{"Cards, calendars, posters and other printed matter": 1}
318	SJ	{"Cards, calendars, posters and other printed matter": 1}
319	SK	{"Personal computers, printers and calculators": 1}
320	SL	{"Books": 1}
321	SZ	{"Cards, calendars, posters and other printed matter": 1}
322	T	{"Other personal travel and transport services": 1}
323	TA	{"Holiday abroad": 0.5, "Holiday in the UK": 0.5}
324	TB	{"Air fares within UK": 0.5, "Air fares international": 0.5}
325	TC	{"Water travel, ferries and season tickets": 1}
326	TD	{"Taxis and hired cars with drivers": 1}
327	TE	{"Petrol": 0.5, "Diesel oil": 0.5}
328	TF	{"Rail and tube season tickets": 0.5, "Rail and tube other than season tickets": 0.5}
329	TG	{"Holiday in the UK": 0.75, "Restaurant and café meals": 0.25}
330	TH	{"Car leasing": 0.5, "Hire of self drive cars, vans, bicycles": 0.5}
331	TJ	{"Hire of self drive cars, vans, bicycles": 1}
332	TK	{"Other personal travel and transport services": 1}
333	TL	{"Water travel, ferries and season tickets": 1}
334	TM	{"Holiday abroad": 0.5, "Holiday in the UK": 0.5}
335	TN	{"Other personal travel and transport services": 1}
336	TO	{"Moving and storage of furniture": 1}
337	TP	{"School travel": 1}
338	TQ	{"Other services": 0.5}
339	TR	{"Moving and storage of furniture": 1}
340	TS	{"Other services": 1}
341	TT	{"Holiday abroad": 0.5, "Holiday in the UK": 0.5}
342	TU	{"Other personal travel and transport services": 1}
343	TZ	{"Other personal travel and transport services": 1}
344	U	{"Other services": 1}
345	UA	{"Refuse collection including skip hire": 1}
346	UB	{"Fire extinguishers": 1}
347	UC	{"Other medical products": 1}
434	YJ	{"Refuse collection including skip hire": 1}
348	UD	{"Protective head gear": 0.5, "Other medical products": 0.5}
349	UE	{"Electrical consumables": 1}
350	UF	{"Other services": 1}
351	UG	{"Refuse collection including skip hire": 1}
352	UH	{"Other services": 1}
353	UJ	{"Photographic and cine equipment": 1}
354	UK	{"Electrical consumables": 1}
355	UL	{"Other services": 1}
356	UM	{"Small electric household appliances": 1}
357	UN	{"Door, electrical and other fittings": 0.5, "Hire/repair of household furniture and furnishings": 0.5}
358	UP	{"NHS medical, optical, dental and medical auxiliary services": 1}
359	UZ	{"Other services": 1}
360	V	{"Car leasing": 1, "New cars/vans outright purchase": 0.5}
361	VA	{"New cars/vans outright purchase": 0.25, "Purchase of bicycles and other vehicles": 0.25, "Second-hand cars/vans outright purchase": 0.25, "Outright purchase of new or second-hand motorcycles": 0.25}
362	VB	{"Motoring organisation subscription": 1}
363	VC	{"Car leasing": 1}
364	VD	{"Vehicle insurance": 0.5, "Central government": 0.5}
365	VE	{"Car of van repairs, servicing and other work": 1}
366	VF	{"Car/van spare parts": 1}
367	VG	{"Petrol": 0.5, "Diesel oil": 0.5}
368	VH	{"Car/van spare parts": 1}
369	VJ	{"Car/van spare parts": 1}
370	VK	{"Outright purchase of new or second-hand motorcycles": 1}
371	VL	{"Purchase of boats, trailers and horses": 1}
372	VM	{"Purchase of bicycles and other vehicles": 1}
373	VP	{"Garage rent other costs, car washing": 1}
374	VR	{"Can/van accessories and fittings": 1}
375	VZ	{"Car leasing": 0.5, "Purchase of bicycles and other vehicles": 0.5}
376	W	{"Property transaction - purchase and sale": 1}
377	WA	{"House maintenance": 0.25, "Paint, wallpaper, timber": 0.25, "Door, electrical and other fittings": 0.25, "Hire/repair of household furniture and furnishings": 0.25}
378	WB	{"Other regular housing payments incl service charge for rent": 1}
379	WC	{"Paint, wallpaper, timber": 1}
380	WD	{"Museums, zoological gardens, theme parks": 1}
381	WE	{"Other services": 1}
382	WF	{"Garden tools, equipment and accessories": 1}
383	WG	{"Other services": 1}
384	WH	{"House maintenance": 0.25, "Paint, wallpaper, timber": 0.25, "Door, electrical and other fittings": 0.25, "Hire/repair of household furniture and furnishings": 0.25}
385	WI	{"House maintenance": 1}
386	WJ	{"Garden tools, equipment and accessories": 1}
387	WK	{"Domestic services including cleaners, gardeners, au pairs": 1}
388	WL	{"Other services": 1}
389	WM	{"Other services": 1}
390	WN	{"Other services": 1}
391	WO	{"Refuse collection including skip hire": 1}
392	WP	{"Purchase of caravans, mobile homes": 1}
393	WQ	{"Refuse collection including skip hire": 1}
394	WR	{"Coal and coke": 1}
395	WS	{"Water charges": 1}
396	WT	{"Domestic services including cleaners, gardeners, au pairs": 1}
397	WU	{"Other services": 1}
398	WV	{"Other services": 1}
399	WW	{"Equipment hire, small materials": 1}
400	WX	{"Equipment for sport, camping and open-air recreation": 1}
401	WY	{"Equipment for sport, camping and open-air recreation": 1}
402	WZ	{"House maintenance": 1}
403	X	{"Other services": 1}
404	XA	{"Education": 1}
405	XB	{"Credit card fees": 1}
406	XC	{"Bank and post office counter charges": 1}
407	XD	{"Education": 1}
408	XE	{"Live entertainment, theatre, concerts, shows": 1}
409	XF	{"Fancy/decorative goods": 1}
410	XG	{"Actual rentals": 1}
411	XH	{"Other services": 1}
412	XJ	{"Education": 1}
413	XK	{"Other services": 1}
414	XL	{"Property transaction - other payments": 1}
415	XM	{"Jewellery clocks and watches and other personal effects": 1}
416	XN	{"Education": 1}
417	XP	{"Other services": 1}
418	XQ	{"Other services": 1}
419	XR	{"Education": 1}
420	XS	{"Other services": 1}
421	XT	{"Other services": 1}
422	XU	{"Bank building society fees": 1}
423	XY	{"Other services": 1}
424	XZ	{"Other services": 1}
425	Y	{"Other services": 1}
426	YA	{"Postal services": 1}
427	YB	{"Postal services": 1}
428	YC	{"Postal services": 1}
429	YD	{"Postal services": 1}
430	YE	{"Moving and storage of furniture": 1}
431	YF	{"Moving and storage of furniture": 1}
432	YG	{"Refuse collection including skip hire": 1}
433	YH	{"Refuse collection including skip hire": 1}
435	YK	{"Refuse collection including skip hire": 1}
436	YL	{"Refuse collection including skip hire": 1}
437	YM	{"Haberdashery, clothing materials and clothing hire": 1}
438	YN	{"Small electric household appliances": 1}
439	YP	{"Domestic services including cleaners, gardeners, au pairs": 1}
440	YQ	{"Other services": 1}
441	YR	{"Contract catering": 1}
442	YS	{"Moving and storage of furniture": 1}
443	YY	{"Unclassified": 1}
\.


--
-- Data for Name: calculate_result; Type: TABLE DATA; Schema: public; Owner: carbon_foot
--

COPY public.calculate_result (id, user_id, total_electricity_emissions, total_gas_emissions, total_water_emissions, total_travel_emissions, total_waste_emissions, total_procurement_emissions, total_carbon_emissions) FROM stdin;
\.


--
-- Data for Name: calculator_calculationrecord; Type: TABLE DATA; Schema: public; Owner: carbon_foot
--

COPY public.calculator_calculationrecord (id, "timestamp", input_data, results, description) FROM stdin;
\.


--
-- Data for Name: django_admin_log; Type: TABLE DATA; Schema: public; Owner: carbon_foot
--

COPY public.django_admin_log (id, action_time, object_id, object_repr, action_flag, change_message, content_type_id, user_id) FROM stdin;
\.


--
-- Data for Name: django_content_type; Type: TABLE DATA; Schema: public; Owner: carbon_foot
--

COPY public.django_content_type (id, app_label, model) FROM stdin;
1	admin	logentry
2	auth	permission
3	auth	group
4	contenttypes	contenttype
5	sessions	session
6	accounts	user
7	accounts	benchmarkdata
8	accounts	conversionfactor
9	accounts	spacetypeentry
10	accounts	submission
11	accounts	waterconsumption
12	accounts	wasteemission
13	accounts	travelemission
14	accounts	proportionentry
15	accounts	generaldataentry
16	accounts	gasconsumption
17	accounts	electricityconsumption
18	accounts	researchfield
19	accounts	university
20	calculator	calculationrecord
\.


--
-- Data for Name: django_migrations; Type: TABLE DATA; Schema: public; Owner: carbon_foot
--

COPY public.django_migrations (id, app, name, applied) FROM stdin;
1	contenttypes	0001_initial	2025-01-29 21:40:10.694647+00
2	contenttypes	0002_remove_content_type_name	2025-01-29 21:40:10.712067+00
3	auth	0001_initial	2025-01-29 21:40:10.772621+00
4	auth	0002_alter_permission_name_max_length	2025-01-29 21:40:10.784113+00
5	auth	0003_alter_user_email_max_length	2025-01-29 21:40:10.794624+00
6	auth	0004_alter_user_username_opts	2025-01-29 21:40:10.805156+00
7	auth	0005_alter_user_last_login_null	2025-01-29 21:40:10.818449+00
8	auth	0006_require_contenttypes_0002	2025-01-29 21:40:10.822717+00
9	auth	0007_alter_validators_add_error_messages	2025-01-29 21:40:10.835257+00
10	auth	0008_alter_user_username_max_length	2025-01-29 21:40:10.848044+00
11	auth	0009_alter_user_last_name_max_length	2025-01-29 21:40:10.860274+00
12	auth	0010_alter_group_name_max_length	2025-01-29 21:40:10.872209+00
13	auth	0011_update_proxy_permissions	2025-01-29 21:40:10.885538+00
14	auth	0012_alter_user_first_name_max_length	2025-01-29 21:40:10.8996+00
15	accounts	0001_initial	2025-01-29 21:40:11.192029+00
16	accounts	0002_researchfield_university_alter_user_institute_and_more	2025-01-29 21:40:11.306304+00
17	accounts	0003_remove_researchfield_id_remove_university_id_and_more	2025-01-29 21:40:11.396285+00
18	admin	0001_initial	2025-01-29 21:40:11.440945+00
19	admin	0002_logentry_remove_auto_add	2025-01-29 21:40:11.462681+00
20	admin	0003_logentry_add_action_flag_choices	2025-01-29 21:40:11.482199+00
21	calculator	0001_initial	2025-01-29 21:40:11.49652+00
22	sessions	0001_initial	2025-01-29 21:40:11.516918+00
\.


--
-- Data for Name: django_session; Type: TABLE DATA; Schema: public; Owner: carbon_foot
--

COPY public.django_session (session_key, session_data, expire_date) FROM stdin;
m0atsenng1nvz0kmgu0wuph424oegpbb	.eJxVjEEOwiAQRe_C2hAZYKAu3fcMBJhBqoYmpV0Z765NutDtf-_9lwhxW2vYOi9hInERIE6_W4r5wW0HdI_tNss8t3WZktwVedAux5n4eT3cv4Mae_3WOrO1oA0ikolgyDjPkEoCIrADUXQGvR0c45nBJO2hoELUhZUqisT7A9TiN38:1tdGIO:LduPEuDsE8Ej6pWatNnCr6j7D2kN04O0bnHXHWq086Q	2025-01-29 22:32:28.359648+00
met6j37gdsumbtw6khv4v90id7aycrwl	.eJxVjMsOwiAURP-FtSGlvMSle7-BcB9I1UBS2pXx322TLnQ5c87MW8S0LiWunec4kbgILU6_HSR8ct0BPVK9N4mtLvMEclfkQbu8NeLX9XD_DkrqZVsbB84ZpWhIyODQo1Z09jlQDsp6AzoHPYxoLOsRs6PgUVll0hYAmMXnC-WrOGM:1tkh9y:TYFueVsHz7Z0DpOQBb3HQDCE8AJ0tYrGgi7eooDDDzw	2025-02-19 10:38:30.079636+00
8ckbdx5ad5dpt7z7b4sf6ni5nvxw3p95	.eJxVjMsOwiAURP-FtSGlvMSle7-BcB9I1UBS2pXx322TLnQ5c87MW8S0LiWunec4kbgILU6_HSR8ct0BPVK9N4mtLvMEclfkQbu8NeLX9XD_DkrqZVsbB84ZpWhIyODQo1Z09jlQDsp6AzoHPYxoLOsRs6PgUVll0hYAmMXnC-WrOGM:1tkhms:IlS3OZk2imJZNhlRq817mHbWMSsyUWxTaROvUK-AM-o	2025-02-19 11:18:42.762778+00
374y75tvf3xyijuthohx5s03a126q188	.eJxVjMsOwiAURP-FtSGlvMSle7-BcB9I1UBS2pXx322TLnQ5c87MW8S0LiWunec4kbgILU6_HSR8ct0BPVK9N4mtLvMEclfkQbu8NeLX9XD_DkrqZVsbB84ZpWhIyODQo1Z09jlQDsp6AzoHPYxoLOsRs6PgUVll0hYAmMXnC-WrOGM:1tkiz5:oY-3mTIfp0vqHs6O1Ktsmm_xGAU4YxSQkuUVngqkaxg	2025-02-19 12:35:23.420101+00
\.


--
-- Name: accounts_benchmark_id_seq; Type: SEQUENCE SET; Schema: public; Owner: carbon_foot
--

SELECT pg_catalog.setval('public.accounts_benchmark_id_seq', 8, true);


--
-- Name: accounts_benchmarkdata_id_seq; Type: SEQUENCE SET; Schema: public; Owner: carbon_foot
--

SELECT pg_catalog.setval('public.accounts_benchmarkdata_id_seq', 74, true);


--
-- Name: accounts_conversionfactor_id_seq; Type: SEQUENCE SET; Schema: public; Owner: carbon_foot
--

SELECT pg_catalog.setval('public.accounts_conversionfactor_id_seq', 26, true);


--
-- Name: accounts_electricityconsumption_id_seq; Type: SEQUENCE SET; Schema: public; Owner: carbon_foot
--

SELECT pg_catalog.setval('public.accounts_electricityconsumption_id_seq', 2, true);


--
-- Name: accounts_gasconsumption_id_seq; Type: SEQUENCE SET; Schema: public; Owner: carbon_foot
--

SELECT pg_catalog.setval('public.accounts_gasconsumption_id_seq', 2, true);


--
-- Name: accounts_generaldataentry_id_seq; Type: SEQUENCE SET; Schema: public; Owner: carbon_foot
--

SELECT pg_catalog.setval('public.accounts_generaldataentry_id_seq', 33, true);


--
-- Name: accounts_proportionentry_id_seq; Type: SEQUENCE SET; Schema: public; Owner: carbon_foot
--

SELECT pg_catalog.setval('public.accounts_proportionentry_id_seq', 27, true);


--
-- Name: accounts_spacetypeentry_id_seq; Type: SEQUENCE SET; Schema: public; Owner: carbon_foot
--

SELECT pg_catalog.setval('public.accounts_spacetypeentry_id_seq', 28, true);


--
-- Name: accounts_submission_id_seq; Type: SEQUENCE SET; Schema: public; Owner: carbon_foot
--

SELECT pg_catalog.setval('public.accounts_submission_id_seq', 1, true);


--
-- Name: accounts_travelemission_id_seq; Type: SEQUENCE SET; Schema: public; Owner: carbon_foot
--

SELECT pg_catalog.setval('public.accounts_travelemission_id_seq', 15, true);


--
-- Name: accounts_user_groups_id_seq; Type: SEQUENCE SET; Schema: public; Owner: carbon_foot
--

SELECT pg_catalog.setval('public.accounts_user_groups_id_seq', 1, false);


--
-- Name: accounts_user_id_seq; Type: SEQUENCE SET; Schema: public; Owner: carbon_foot
--

SELECT pg_catalog.setval('public.accounts_user_id_seq', 8, true);


--
-- Name: accounts_user_user_permissions_id_seq; Type: SEQUENCE SET; Schema: public; Owner: carbon_foot
--

SELECT pg_catalog.setval('public.accounts_user_user_permissions_id_seq', 1, false);


--
-- Name: accounts_wasteemission_id_seq; Type: SEQUENCE SET; Schema: public; Owner: carbon_foot
--

SELECT pg_catalog.setval('public.accounts_wasteemission_id_seq', 1, false);


--
-- Name: accounts_waterconsumption_id_seq; Type: SEQUENCE SET; Schema: public; Owner: carbon_foot
--

SELECT pg_catalog.setval('public.accounts_waterconsumption_id_seq', 1, false);


--
-- Name: auth_group_id_seq; Type: SEQUENCE SET; Schema: public; Owner: carbon_foot
--

SELECT pg_catalog.setval('public.auth_group_id_seq', 1, false);


--
-- Name: auth_group_permissions_id_seq; Type: SEQUENCE SET; Schema: public; Owner: carbon_foot
--

SELECT pg_catalog.setval('public.auth_group_permissions_id_seq', 1, false);


--
-- Name: auth_permission_id_seq; Type: SEQUENCE SET; Schema: public; Owner: carbon_foot
--

SELECT pg_catalog.setval('public.auth_permission_id_seq', 80, true);


--
-- Name: calculate_result_id_seq; Type: SEQUENCE SET; Schema: public; Owner: carbon_foot
--

SELECT pg_catalog.setval('public.calculate_result_id_seq', 1, false);


--
-- Name: calculator_calculationrecord_id_seq; Type: SEQUENCE SET; Schema: public; Owner: carbon_foot
--

SELECT pg_catalog.setval('public.calculator_calculationrecord_id_seq', 1, false);


--
-- Name: category_carbon_impact_id_seq; Type: SEQUENCE SET; Schema: public; Owner: carbon_foot
--

SELECT pg_catalog.setval('public.category_carbon_impact_id_seq', 311, true);


--
-- Name: django_admin_log_id_seq; Type: SEQUENCE SET; Schema: public; Owner: carbon_foot
--

SELECT pg_catalog.setval('public.django_admin_log_id_seq', 1, false);


--
-- Name: django_content_type_id_seq; Type: SEQUENCE SET; Schema: public; Owner: carbon_foot
--

SELECT pg_catalog.setval('public.django_content_type_id_seq', 20, true);


--
-- Name: django_migrations_id_seq; Type: SEQUENCE SET; Schema: public; Owner: carbon_foot
--

SELECT pg_catalog.setval('public.django_migrations_id_seq', 22, true);


--
-- Name: procurement_data_id_seq; Type: SEQUENCE SET; Schema: public; Owner: carbon_foot
--

SELECT pg_catalog.setval('public.procurement_data_id_seq', 443, true);


--
-- Name: accounts_benchmark accounts_benchmark_pkey; Type: CONSTRAINT; Schema: public; Owner: carbon_foot
--

ALTER TABLE ONLY public.accounts_benchmark
    ADD CONSTRAINT accounts_benchmark_pkey PRIMARY KEY (id);


--
-- Name: accounts_benchmark accounts_benchmark_space_type_key; Type: CONSTRAINT; Schema: public; Owner: carbon_foot
--

ALTER TABLE ONLY public.accounts_benchmark
    ADD CONSTRAINT accounts_benchmark_space_type_key UNIQUE (space_type);


--
-- Name: accounts_benchmarkdata accounts_benchmarkdata_pkey; Type: CONSTRAINT; Schema: public; Owner: carbon_foot
--

ALTER TABLE ONLY public.accounts_benchmarkdata
    ADD CONSTRAINT accounts_benchmarkdata_pkey PRIMARY KEY (id);


--
-- Name: accounts_conversionfactor accounts_conversionfactor_pkey; Type: CONSTRAINT; Schema: public; Owner: carbon_foot
--

ALTER TABLE ONLY public.accounts_conversionfactor
    ADD CONSTRAINT accounts_conversionfactor_pkey PRIMARY KEY (id);


--
-- Name: accounts_electricityconsumption accounts_electricityconsumption_pkey; Type: CONSTRAINT; Schema: public; Owner: carbon_foot
--

ALTER TABLE ONLY public.accounts_electricityconsumption
    ADD CONSTRAINT accounts_electricityconsumption_pkey PRIMARY KEY (id);


--
-- Name: accounts_gasconsumption accounts_gasconsumption_pkey; Type: CONSTRAINT; Schema: public; Owner: carbon_foot
--

ALTER TABLE ONLY public.accounts_gasconsumption
    ADD CONSTRAINT accounts_gasconsumption_pkey PRIMARY KEY (id);


--
-- Name: accounts_generaldataentry accounts_generaldataentry_pkey; Type: CONSTRAINT; Schema: public; Owner: carbon_foot
--

ALTER TABLE ONLY public.accounts_generaldataentry
    ADD CONSTRAINT accounts_generaldataentry_pkey PRIMARY KEY (id);


--
-- Name: accounts_proportionentry accounts_proportionentry_pkey; Type: CONSTRAINT; Schema: public; Owner: carbon_foot
--

ALTER TABLE ONLY public.accounts_proportionentry
    ADD CONSTRAINT accounts_proportionentry_pkey PRIMARY KEY (id);


--
-- Name: accounts_researchfield accounts_researchfield_name_201c4ba9_pk; Type: CONSTRAINT; Schema: public; Owner: carbon_foot
--

ALTER TABLE ONLY public.accounts_researchfield
    ADD CONSTRAINT accounts_researchfield_name_201c4ba9_pk PRIMARY KEY (name);


--
-- Name: accounts_spacetypeentry accounts_spacetypeentry_pkey; Type: CONSTRAINT; Schema: public; Owner: carbon_foot
--

ALTER TABLE ONLY public.accounts_spacetypeentry
    ADD CONSTRAINT accounts_spacetypeentry_pkey PRIMARY KEY (id);


--
-- Name: accounts_submission accounts_submission_pkey; Type: CONSTRAINT; Schema: public; Owner: carbon_foot
--

ALTER TABLE ONLY public.accounts_submission
    ADD CONSTRAINT accounts_submission_pkey PRIMARY KEY (id);


--
-- Name: accounts_submission accounts_submission_project_name_key; Type: CONSTRAINT; Schema: public; Owner: carbon_foot
--

ALTER TABLE ONLY public.accounts_submission
    ADD CONSTRAINT accounts_submission_project_name_key UNIQUE (project_name);


--
-- Name: accounts_travelemission accounts_travelemission_pkey; Type: CONSTRAINT; Schema: public; Owner: carbon_foot
--

ALTER TABLE ONLY public.accounts_travelemission
    ADD CONSTRAINT accounts_travelemission_pkey PRIMARY KEY (id);


--
-- Name: accounts_university accounts_university_name_51db4e65_pk; Type: CONSTRAINT; Schema: public; Owner: carbon_foot
--

ALTER TABLE ONLY public.accounts_university
    ADD CONSTRAINT accounts_university_name_51db4e65_pk PRIMARY KEY (name);


--
-- Name: accounts_user accounts_user_email_key; Type: CONSTRAINT; Schema: public; Owner: carbon_foot
--

ALTER TABLE ONLY public.accounts_user
    ADD CONSTRAINT accounts_user_email_key UNIQUE (email);


--
-- Name: accounts_user_groups accounts_user_groups_pkey; Type: CONSTRAINT; Schema: public; Owner: carbon_foot
--

ALTER TABLE ONLY public.accounts_user_groups
    ADD CONSTRAINT accounts_user_groups_pkey PRIMARY KEY (id);


--
-- Name: accounts_user_groups accounts_user_groups_user_id_group_id_59c0b32f_uniq; Type: CONSTRAINT; Schema: public; Owner: carbon_foot
--

ALTER TABLE ONLY public.accounts_user_groups
    ADD CONSTRAINT accounts_user_groups_user_id_group_id_59c0b32f_uniq UNIQUE (user_id, group_id);


--
-- Name: accounts_user accounts_user_pkey; Type: CONSTRAINT; Schema: public; Owner: carbon_foot
--

ALTER TABLE ONLY public.accounts_user
    ADD CONSTRAINT accounts_user_pkey PRIMARY KEY (id);


--
-- Name: accounts_user_user_permissions accounts_user_user_permi_user_id_permission_id_2ab516c2_uniq; Type: CONSTRAINT; Schema: public; Owner: carbon_foot
--

ALTER TABLE ONLY public.accounts_user_user_permissions
    ADD CONSTRAINT accounts_user_user_permi_user_id_permission_id_2ab516c2_uniq UNIQUE (user_id, permission_id);


--
-- Name: accounts_user_user_permissions accounts_user_user_permissions_pkey; Type: CONSTRAINT; Schema: public; Owner: carbon_foot
--

ALTER TABLE ONLY public.accounts_user_user_permissions
    ADD CONSTRAINT accounts_user_user_permissions_pkey PRIMARY KEY (id);


--
-- Name: accounts_user accounts_user_username_key; Type: CONSTRAINT; Schema: public; Owner: carbon_foot
--

ALTER TABLE ONLY public.accounts_user
    ADD CONSTRAINT accounts_user_username_key UNIQUE (username);


--
-- Name: accounts_wasteemission accounts_wasteemission_pkey; Type: CONSTRAINT; Schema: public; Owner: carbon_foot
--

ALTER TABLE ONLY public.accounts_wasteemission
    ADD CONSTRAINT accounts_wasteemission_pkey PRIMARY KEY (id);


--
-- Name: accounts_waterconsumption accounts_waterconsumption_pkey; Type: CONSTRAINT; Schema: public; Owner: carbon_foot
--

ALTER TABLE ONLY public.accounts_waterconsumption
    ADD CONSTRAINT accounts_waterconsumption_pkey PRIMARY KEY (id);


--
-- Name: auth_group auth_group_name_key; Type: CONSTRAINT; Schema: public; Owner: carbon_foot
--

ALTER TABLE ONLY public.auth_group
    ADD CONSTRAINT auth_group_name_key UNIQUE (name);


--
-- Name: auth_group_permissions auth_group_permissions_group_id_permission_id_0cd325b0_uniq; Type: CONSTRAINT; Schema: public; Owner: carbon_foot
--

ALTER TABLE ONLY public.auth_group_permissions
    ADD CONSTRAINT auth_group_permissions_group_id_permission_id_0cd325b0_uniq UNIQUE (group_id, permission_id);


--
-- Name: auth_group_permissions auth_group_permissions_pkey; Type: CONSTRAINT; Schema: public; Owner: carbon_foot
--

ALTER TABLE ONLY public.auth_group_permissions
    ADD CONSTRAINT auth_group_permissions_pkey PRIMARY KEY (id);


--
-- Name: auth_group auth_group_pkey; Type: CONSTRAINT; Schema: public; Owner: carbon_foot
--

ALTER TABLE ONLY public.auth_group
    ADD CONSTRAINT auth_group_pkey PRIMARY KEY (id);


--
-- Name: auth_permission auth_permission_content_type_id_codename_01ab375a_uniq; Type: CONSTRAINT; Schema: public; Owner: carbon_foot
--

ALTER TABLE ONLY public.auth_permission
    ADD CONSTRAINT auth_permission_content_type_id_codename_01ab375a_uniq UNIQUE (content_type_id, codename);


--
-- Name: auth_permission auth_permission_pkey; Type: CONSTRAINT; Schema: public; Owner: carbon_foot
--

ALTER TABLE ONLY public.auth_permission
    ADD CONSTRAINT auth_permission_pkey PRIMARY KEY (id);


--
-- Name: calculate_result calculate_result_pkey; Type: CONSTRAINT; Schema: public; Owner: carbon_foot
--

ALTER TABLE ONLY public.calculate_result
    ADD CONSTRAINT calculate_result_pkey PRIMARY KEY (id);


--
-- Name: calculator_calculationrecord calculator_calculationrecord_pkey; Type: CONSTRAINT; Schema: public; Owner: carbon_foot
--

ALTER TABLE ONLY public.calculator_calculationrecord
    ADD CONSTRAINT calculator_calculationrecord_pkey PRIMARY KEY (id);


--
-- Name: calculate_category_carbon_impact category_carbon_impact_category_key; Type: CONSTRAINT; Schema: public; Owner: carbon_foot
--

ALTER TABLE ONLY public.calculate_category_carbon_impact
    ADD CONSTRAINT category_carbon_impact_category_key UNIQUE (category);


--
-- Name: calculate_category_carbon_impact category_carbon_impact_pkey; Type: CONSTRAINT; Schema: public; Owner: carbon_foot
--

ALTER TABLE ONLY public.calculate_category_carbon_impact
    ADD CONSTRAINT category_carbon_impact_pkey PRIMARY KEY (id);


--
-- Name: django_admin_log django_admin_log_pkey; Type: CONSTRAINT; Schema: public; Owner: carbon_foot
--

ALTER TABLE ONLY public.django_admin_log
    ADD CONSTRAINT django_admin_log_pkey PRIMARY KEY (id);


--
-- Name: django_content_type django_content_type_app_label_model_76bd3d3b_uniq; Type: CONSTRAINT; Schema: public; Owner: carbon_foot
--

ALTER TABLE ONLY public.django_content_type
    ADD CONSTRAINT django_content_type_app_label_model_76bd3d3b_uniq UNIQUE (app_label, model);


--
-- Name: django_content_type django_content_type_pkey; Type: CONSTRAINT; Schema: public; Owner: carbon_foot
--

ALTER TABLE ONLY public.django_content_type
    ADD CONSTRAINT django_content_type_pkey PRIMARY KEY (id);


--
-- Name: django_migrations django_migrations_pkey; Type: CONSTRAINT; Schema: public; Owner: carbon_foot
--

ALTER TABLE ONLY public.django_migrations
    ADD CONSTRAINT django_migrations_pkey PRIMARY KEY (id);


--
-- Name: django_session django_session_pkey; Type: CONSTRAINT; Schema: public; Owner: carbon_foot
--

ALTER TABLE ONLY public.django_session
    ADD CONSTRAINT django_session_pkey PRIMARY KEY (session_key);


--
-- Name: calculate_procurement_data procurement_data_pkey; Type: CONSTRAINT; Schema: public; Owner: carbon_foot
--

ALTER TABLE ONLY public.calculate_procurement_data
    ADD CONSTRAINT procurement_data_pkey PRIMARY KEY (id);


--
-- Name: accounts_electricityconsumption_space_type_id_8a26b96a; Type: INDEX; Schema: public; Owner: carbon_foot
--

CREATE INDEX accounts_electricityconsumption_space_type_id_8a26b96a ON public.accounts_electricityconsumption USING btree (space_type_id);


--
-- Name: accounts_gasconsumption_space_type_id_f676df47; Type: INDEX; Schema: public; Owner: carbon_foot
--

CREATE INDEX accounts_gasconsumption_space_type_id_f676df47 ON public.accounts_gasconsumption USING btree (space_type_id);


--
-- Name: accounts_generaldataentry_submission_id_84a0b6b2; Type: INDEX; Schema: public; Owner: carbon_foot
--

CREATE INDEX accounts_generaldataentry_submission_id_84a0b6b2 ON public.accounts_generaldataentry USING btree (submission_id);


--
-- Name: accounts_proportionentry_submission_id_8e122d4a; Type: INDEX; Schema: public; Owner: carbon_foot
--

CREATE INDEX accounts_proportionentry_submission_id_8e122d4a ON public.accounts_proportionentry USING btree (submission_id);


--
-- Name: accounts_researchfield_name_201c4ba9_like; Type: INDEX; Schema: public; Owner: carbon_foot
--

CREATE INDEX accounts_researchfield_name_201c4ba9_like ON public.accounts_researchfield USING btree (name varchar_pattern_ops);


--
-- Name: accounts_spacetypeentry_submission_id_0ebc113d; Type: INDEX; Schema: public; Owner: carbon_foot
--

CREATE INDEX accounts_spacetypeentry_submission_id_0ebc113d ON public.accounts_spacetypeentry USING btree (submission_id);


--
-- Name: accounts_submission_project_name_20a6f4e8_like; Type: INDEX; Schema: public; Owner: carbon_foot
--

CREATE INDEX accounts_submission_project_name_20a6f4e8_like ON public.accounts_submission USING btree (project_name varchar_pattern_ops);


--
-- Name: accounts_submission_user_id_58f812c2; Type: INDEX; Schema: public; Owner: carbon_foot
--

CREATE INDEX accounts_submission_user_id_58f812c2 ON public.accounts_submission USING btree (user_id);


--
-- Name: accounts_travelemission_submission_id_39f57733; Type: INDEX; Schema: public; Owner: carbon_foot
--

CREATE INDEX accounts_travelemission_submission_id_39f57733 ON public.accounts_travelemission USING btree (submission_id);


--
-- Name: accounts_university_name_51db4e65_like; Type: INDEX; Schema: public; Owner: carbon_foot
--

CREATE INDEX accounts_university_name_51db4e65_like ON public.accounts_university USING btree (name varchar_pattern_ops);


--
-- Name: accounts_user_email_b2644a56_like; Type: INDEX; Schema: public; Owner: carbon_foot
--

CREATE INDEX accounts_user_email_b2644a56_like ON public.accounts_user USING btree (email varchar_pattern_ops);


--
-- Name: accounts_user_groups_group_id_bd11a704; Type: INDEX; Schema: public; Owner: carbon_foot
--

CREATE INDEX accounts_user_groups_group_id_bd11a704 ON public.accounts_user_groups USING btree (group_id);


--
-- Name: accounts_user_groups_user_id_52b62117; Type: INDEX; Schema: public; Owner: carbon_foot
--

CREATE INDEX accounts_user_groups_user_id_52b62117 ON public.accounts_user_groups USING btree (user_id);


--
-- Name: accounts_user_institute_id_9b89556e; Type: INDEX; Schema: public; Owner: carbon_foot
--

CREATE INDEX accounts_user_institute_id_9b89556e ON public.accounts_user USING btree (institute_id);


--
-- Name: accounts_user_research_field_id_04d0b802; Type: INDEX; Schema: public; Owner: carbon_foot
--

CREATE INDEX accounts_user_research_field_id_04d0b802 ON public.accounts_user USING btree (research_field_id);


--
-- Name: accounts_user_user_permissions_permission_id_113bb443; Type: INDEX; Schema: public; Owner: carbon_foot
--

CREATE INDEX accounts_user_user_permissions_permission_id_113bb443 ON public.accounts_user_user_permissions USING btree (permission_id);


--
-- Name: accounts_user_user_permissions_user_id_e4f0a161; Type: INDEX; Schema: public; Owner: carbon_foot
--

CREATE INDEX accounts_user_user_permissions_user_id_e4f0a161 ON public.accounts_user_user_permissions USING btree (user_id);


--
-- Name: accounts_user_username_6088629e_like; Type: INDEX; Schema: public; Owner: carbon_foot
--

CREATE INDEX accounts_user_username_6088629e_like ON public.accounts_user USING btree (username varchar_pattern_ops);


--
-- Name: accounts_wasteemission_submission_id_c24bd786; Type: INDEX; Schema: public; Owner: carbon_foot
--

CREATE INDEX accounts_wasteemission_submission_id_c24bd786 ON public.accounts_wasteemission USING btree (submission_id);


--
-- Name: accounts_waterconsumption_space_type_id_ba45a1e5; Type: INDEX; Schema: public; Owner: carbon_foot
--

CREATE INDEX accounts_waterconsumption_space_type_id_ba45a1e5 ON public.accounts_waterconsumption USING btree (space_type_id);


--
-- Name: auth_group_name_a6ea08ec_like; Type: INDEX; Schema: public; Owner: carbon_foot
--

CREATE INDEX auth_group_name_a6ea08ec_like ON public.auth_group USING btree (name varchar_pattern_ops);


--
-- Name: auth_group_permissions_group_id_b120cbf9; Type: INDEX; Schema: public; Owner: carbon_foot
--

CREATE INDEX auth_group_permissions_group_id_b120cbf9 ON public.auth_group_permissions USING btree (group_id);


--
-- Name: auth_group_permissions_permission_id_84c5c92e; Type: INDEX; Schema: public; Owner: carbon_foot
--

CREATE INDEX auth_group_permissions_permission_id_84c5c92e ON public.auth_group_permissions USING btree (permission_id);


--
-- Name: auth_permission_content_type_id_2f476e4b; Type: INDEX; Schema: public; Owner: carbon_foot
--

CREATE INDEX auth_permission_content_type_id_2f476e4b ON public.auth_permission USING btree (content_type_id);


--
-- Name: django_admin_log_content_type_id_c4bce8eb; Type: INDEX; Schema: public; Owner: carbon_foot
--

CREATE INDEX django_admin_log_content_type_id_c4bce8eb ON public.django_admin_log USING btree (content_type_id);


--
-- Name: django_admin_log_user_id_c564eba6; Type: INDEX; Schema: public; Owner: carbon_foot
--

CREATE INDEX django_admin_log_user_id_c564eba6 ON public.django_admin_log USING btree (user_id);


--
-- Name: django_session_expire_date_a5c62663; Type: INDEX; Schema: public; Owner: carbon_foot
--

CREATE INDEX django_session_expire_date_a5c62663 ON public.django_session USING btree (expire_date);


--
-- Name: django_session_session_key_c0390e0f_like; Type: INDEX; Schema: public; Owner: carbon_foot
--

CREATE INDEX django_session_session_key_c0390e0f_like ON public.django_session USING btree (session_key varchar_pattern_ops);


--
-- Name: accounts_electricityconsumption accounts_electricity_space_type_id_8a26b96a_fk_accounts_; Type: FK CONSTRAINT; Schema: public; Owner: carbon_foot
--

ALTER TABLE ONLY public.accounts_electricityconsumption
    ADD CONSTRAINT accounts_electricity_space_type_id_8a26b96a_fk_accounts_ FOREIGN KEY (space_type_id) REFERENCES public.accounts_spacetypeentry(id) DEFERRABLE INITIALLY DEFERRED;


--
-- Name: accounts_gasconsumption accounts_gasconsumpt_space_type_id_f676df47_fk_accounts_; Type: FK CONSTRAINT; Schema: public; Owner: carbon_foot
--

ALTER TABLE ONLY public.accounts_gasconsumption
    ADD CONSTRAINT accounts_gasconsumpt_space_type_id_f676df47_fk_accounts_ FOREIGN KEY (space_type_id) REFERENCES public.accounts_spacetypeentry(id) DEFERRABLE INITIALLY DEFERRED;


--
-- Name: accounts_generaldataentry accounts_generaldata_submission_id_84a0b6b2_fk_accounts_; Type: FK CONSTRAINT; Schema: public; Owner: carbon_foot
--

ALTER TABLE ONLY public.accounts_generaldataentry
    ADD CONSTRAINT accounts_generaldata_submission_id_84a0b6b2_fk_accounts_ FOREIGN KEY (submission_id) REFERENCES public.accounts_submission(id) DEFERRABLE INITIALLY DEFERRED;


--
-- Name: accounts_proportionentry accounts_proportione_submission_id_8e122d4a_fk_accounts_; Type: FK CONSTRAINT; Schema: public; Owner: carbon_foot
--

ALTER TABLE ONLY public.accounts_proportionentry
    ADD CONSTRAINT accounts_proportione_submission_id_8e122d4a_fk_accounts_ FOREIGN KEY (submission_id) REFERENCES public.accounts_submission(id) DEFERRABLE INITIALLY DEFERRED;


--
-- Name: accounts_spacetypeentry accounts_spacetypeen_submission_id_0ebc113d_fk_accounts_; Type: FK CONSTRAINT; Schema: public; Owner: carbon_foot
--

ALTER TABLE ONLY public.accounts_spacetypeentry
    ADD CONSTRAINT accounts_spacetypeen_submission_id_0ebc113d_fk_accounts_ FOREIGN KEY (submission_id) REFERENCES public.accounts_submission(id) DEFERRABLE INITIALLY DEFERRED;


--
-- Name: accounts_submission accounts_submission_user_id_58f812c2_fk_accounts_user_id; Type: FK CONSTRAINT; Schema: public; Owner: carbon_foot
--

ALTER TABLE ONLY public.accounts_submission
    ADD CONSTRAINT accounts_submission_user_id_58f812c2_fk_accounts_user_id FOREIGN KEY (user_id) REFERENCES public.accounts_user(id) DEFERRABLE INITIALLY DEFERRED;


--
-- Name: accounts_travelemission accounts_travelemiss_submission_id_39f57733_fk_accounts_; Type: FK CONSTRAINT; Schema: public; Owner: carbon_foot
--

ALTER TABLE ONLY public.accounts_travelemission
    ADD CONSTRAINT accounts_travelemiss_submission_id_39f57733_fk_accounts_ FOREIGN KEY (submission_id) REFERENCES public.accounts_submission(id) DEFERRABLE INITIALLY DEFERRED;


--
-- Name: accounts_user_groups accounts_user_groups_group_id_bd11a704_fk_auth_group_id; Type: FK CONSTRAINT; Schema: public; Owner: carbon_foot
--

ALTER TABLE ONLY public.accounts_user_groups
    ADD CONSTRAINT accounts_user_groups_group_id_bd11a704_fk_auth_group_id FOREIGN KEY (group_id) REFERENCES public.auth_group(id) DEFERRABLE INITIALLY DEFERRED;


--
-- Name: accounts_user_groups accounts_user_groups_user_id_52b62117_fk_accounts_user_id; Type: FK CONSTRAINT; Schema: public; Owner: carbon_foot
--

ALTER TABLE ONLY public.accounts_user_groups
    ADD CONSTRAINT accounts_user_groups_user_id_52b62117_fk_accounts_user_id FOREIGN KEY (user_id) REFERENCES public.accounts_user(id) DEFERRABLE INITIALLY DEFERRED;


--
-- Name: accounts_user_user_permissions accounts_user_user_p_permission_id_113bb443_fk_auth_perm; Type: FK CONSTRAINT; Schema: public; Owner: carbon_foot
--

ALTER TABLE ONLY public.accounts_user_user_permissions
    ADD CONSTRAINT accounts_user_user_p_permission_id_113bb443_fk_auth_perm FOREIGN KEY (permission_id) REFERENCES public.auth_permission(id) DEFERRABLE INITIALLY DEFERRED;


--
-- Name: accounts_user_user_permissions accounts_user_user_p_user_id_e4f0a161_fk_accounts_; Type: FK CONSTRAINT; Schema: public; Owner: carbon_foot
--

ALTER TABLE ONLY public.accounts_user_user_permissions
    ADD CONSTRAINT accounts_user_user_p_user_id_e4f0a161_fk_accounts_ FOREIGN KEY (user_id) REFERENCES public.accounts_user(id) DEFERRABLE INITIALLY DEFERRED;


--
-- Name: accounts_wasteemission accounts_wasteemissi_submission_id_c24bd786_fk_accounts_; Type: FK CONSTRAINT; Schema: public; Owner: carbon_foot
--

ALTER TABLE ONLY public.accounts_wasteemission
    ADD CONSTRAINT accounts_wasteemissi_submission_id_c24bd786_fk_accounts_ FOREIGN KEY (submission_id) REFERENCES public.accounts_submission(id) DEFERRABLE INITIALLY DEFERRED;


--
-- Name: accounts_waterconsumption accounts_waterconsum_space_type_id_ba45a1e5_fk_accounts_; Type: FK CONSTRAINT; Schema: public; Owner: carbon_foot
--

ALTER TABLE ONLY public.accounts_waterconsumption
    ADD CONSTRAINT accounts_waterconsum_space_type_id_ba45a1e5_fk_accounts_ FOREIGN KEY (space_type_id) REFERENCES public.accounts_spacetypeentry(id) DEFERRABLE INITIALLY DEFERRED;


--
-- Name: auth_group_permissions auth_group_permissio_permission_id_84c5c92e_fk_auth_perm; Type: FK CONSTRAINT; Schema: public; Owner: carbon_foot
--

ALTER TABLE ONLY public.auth_group_permissions
    ADD CONSTRAINT auth_group_permissio_permission_id_84c5c92e_fk_auth_perm FOREIGN KEY (permission_id) REFERENCES public.auth_permission(id) DEFERRABLE INITIALLY DEFERRED;


--
-- Name: auth_group_permissions auth_group_permissions_group_id_b120cbf9_fk_auth_group_id; Type: FK CONSTRAINT; Schema: public; Owner: carbon_foot
--

ALTER TABLE ONLY public.auth_group_permissions
    ADD CONSTRAINT auth_group_permissions_group_id_b120cbf9_fk_auth_group_id FOREIGN KEY (group_id) REFERENCES public.auth_group(id) DEFERRABLE INITIALLY DEFERRED;


--
-- Name: auth_permission auth_permission_content_type_id_2f476e4b_fk_django_co; Type: FK CONSTRAINT; Schema: public; Owner: carbon_foot
--

ALTER TABLE ONLY public.auth_permission
    ADD CONSTRAINT auth_permission_content_type_id_2f476e4b_fk_django_co FOREIGN KEY (content_type_id) REFERENCES public.django_content_type(id) DEFERRABLE INITIALLY DEFERRED;


--
-- Name: django_admin_log django_admin_log_content_type_id_c4bce8eb_fk_django_co; Type: FK CONSTRAINT; Schema: public; Owner: carbon_foot
--

ALTER TABLE ONLY public.django_admin_log
    ADD CONSTRAINT django_admin_log_content_type_id_c4bce8eb_fk_django_co FOREIGN KEY (content_type_id) REFERENCES public.django_content_type(id) DEFERRABLE INITIALLY DEFERRED;


--
-- Name: django_admin_log django_admin_log_user_id_c564eba6_fk_accounts_user_id; Type: FK CONSTRAINT; Schema: public; Owner: carbon_foot
--

ALTER TABLE ONLY public.django_admin_log
    ADD CONSTRAINT django_admin_log_user_id_c564eba6_fk_accounts_user_id FOREIGN KEY (user_id) REFERENCES public.accounts_user(id) DEFERRABLE INITIALLY DEFERRED;


--
-- PostgreSQL database dump complete
--

