--
-- PostgreSQL database dump
--

-- Dumped from database version 15.10 (Debian 15.10-1.pgdg120+1)
-- Dumped by pg_dump version 17.2

-- Started on 2025-01-30 13:46:41 GMT

SET statement_timeout = 0;
SET lock_timeout = 0;
SET idle_in_transaction_session_timeout = 0;
SET transaction_timeout = 0;
SET client_encoding = 'UTF8';
SET standard_conforming_strings = on;
SELECT pg_catalog.set_config('search_path', '', false);
SET check_function_bodies = false;
SET xmloption = content;
SET client_min_messages = warning;
SET row_security = off;

--
-- TOC entry 4 (class 2615 OID 2200)
-- Name: public; Type: SCHEMA; Schema: -; Owner: pg_database_owner
--

-- CREATE SCHEMA public;


ALTER SCHEMA public OWNER TO pg_database_owner;

--
-- TOC entry 3637 (class 0 OID 0)
-- Dependencies: 4
-- Name: SCHEMA public; Type: COMMENT; Schema: -; Owner: pg_database_owner
--

COMMENT ON SCHEMA public IS 'standard public schema';


SET default_tablespace = '';

SET default_table_access_method = heap;

--
-- TOC entry 214 (class 1259 OID 24576)
-- Name: accounts_benchmark; Type: TABLE; Schema: public; Owner: carbon_foot
--

CREATE TABLE public.accounts_benchmark (
    id integer NOT NULL,
    space_type character varying(100) NOT NULL,
    year integer NOT NULL,
    avg_electricity_consumption double precision NOT NULL,
    avg_gas_consumption double precision NOT NULL,
    avg_water_consumption double precision NOT NULL,
    electricity_multiplier double precision DEFAULT 1.12 NOT NULL,
    gas_multiplier double precision DEFAULT 1.37 NOT NULL,
    water_multiplier double precision DEFAULT 1.0 NOT NULL
);


ALTER TABLE public.accounts_benchmark OWNER TO carbon_foot;

--
-- TOC entry 215 (class 1259 OID 24582)
-- Name: accounts_benchmark_calculated; Type: VIEW; Schema: public; Owner: carbon_foot
--

CREATE VIEW public.accounts_benchmark_calculated AS
 SELECT accounts_benchmark.space_type,
    accounts_benchmark.year,
    (accounts_benchmark.avg_electricity_consumption * accounts_benchmark.electricity_multiplier) AS adjusted_electricity,
    (accounts_benchmark.avg_gas_consumption * accounts_benchmark.gas_multiplier) AS adjusted_gas,
    (accounts_benchmark.avg_water_consumption * accounts_benchmark.water_multiplier) AS adjusted_water
   FROM public.accounts_benchmark;


ALTER VIEW public.accounts_benchmark_calculated OWNER TO carbon_foot;

--
-- TOC entry 216 (class 1259 OID 24586)
-- Name: accounts_benchmark_id_seq; Type: SEQUENCE; Schema: public; Owner: carbon_foot
--

CREATE SEQUENCE public.accounts_benchmark_id_seq
    AS integer
    START WITH 1
    INCREMENT BY 1
    NO MINVALUE
    NO MAXVALUE
    CACHE 1;


ALTER SEQUENCE public.accounts_benchmark_id_seq OWNER TO carbon_foot;

--
-- TOC entry 3638 (class 0 OID 0)
-- Dependencies: 216
-- Name: accounts_benchmark_id_seq; Type: SEQUENCE OWNED BY; Schema: public; Owner: carbon_foot
--

ALTER SEQUENCE public.accounts_benchmark_id_seq OWNED BY public.accounts_benchmark.id;


--
-- TOC entry 217 (class 1259 OID 24587)
-- Name: accounts_benchmarkdata; Type: TABLE; Schema: public; Owner: carbon_foot
--

CREATE TABLE public.accounts_benchmarkdata (
    id bigint NOT NULL,
    consumption_type character varying(50) NOT NULL,
    category character varying(150) NOT NULL,
    amount numeric(10,2) NOT NULL,
    unit character varying(50) NOT NULL,
    year integer NOT NULL,
    notes text,
    CONSTRAINT accounts_benchmarkdata_year_check CHECK ((year >= 0))
);


ALTER TABLE public.accounts_benchmarkdata OWNER TO carbon_foot;

--
-- TOC entry 218 (class 1259 OID 24593)
-- Name: accounts_benchmarkdata_id_seq; Type: SEQUENCE; Schema: public; Owner: carbon_foot
--

ALTER TABLE public.accounts_benchmarkdata ALTER COLUMN id ADD GENERATED BY DEFAULT AS IDENTITY (
    SEQUENCE NAME public.accounts_benchmarkdata_id_seq
    START WITH 1
    INCREMENT BY 1
    NO MINVALUE
    NO MAXVALUE
    CACHE 1
);


--
-- TOC entry 219 (class 1259 OID 24594)
-- Name: accounts_conversionfactor; Type: TABLE; Schema: public; Owner: carbon_foot
--

CREATE TABLE public.accounts_conversionfactor (
    id bigint NOT NULL,
    activity character varying(100) NOT NULL,
    value numeric(10,5) NOT NULL,
    unit character varying(50)
);


ALTER TABLE public.accounts_conversionfactor OWNER TO carbon_foot;

--
-- TOC entry 220 (class 1259 OID 24597)
-- Name: accounts_conversionfactor_id_seq; Type: SEQUENCE; Schema: public; Owner: carbon_foot
--

ALTER TABLE public.accounts_conversionfactor ALTER COLUMN id ADD GENERATED BY DEFAULT AS IDENTITY (
    SEQUENCE NAME public.accounts_conversionfactor_id_seq
    START WITH 1
    INCREMENT BY 1
    NO MINVALUE
    NO MAXVALUE
    CACHE 1
);


--
-- TOC entry 221 (class 1259 OID 24598)
-- Name: accounts_electricityconsumption; Type: TABLE; Schema: public; Owner: carbon_foot
--

CREATE TABLE public.accounts_electricityconsumption (
    id bigint NOT NULL,
    total_area double precision NOT NULL,
    proportion_of_research_group double precision NOT NULL,
    benchmark_electricity_consumption double precision,
    grid_carbon_intensity double precision NOT NULL,
    transmission_distribution_intensity double precision NOT NULL,
    total_emissions double precision NOT NULL,
    space_type_id bigint NOT NULL
);


ALTER TABLE public.accounts_electricityconsumption OWNER TO carbon_foot;

--
-- TOC entry 222 (class 1259 OID 24601)
-- Name: accounts_electricityconsumption_id_seq; Type: SEQUENCE; Schema: public; Owner: carbon_foot
--

ALTER TABLE public.accounts_electricityconsumption ALTER COLUMN id ADD GENERATED BY DEFAULT AS IDENTITY (
    SEQUENCE NAME public.accounts_electricityconsumption_id_seq
    START WITH 1
    INCREMENT BY 1
    NO MINVALUE
    NO MAXVALUE
    CACHE 1
);


--
-- TOC entry 223 (class 1259 OID 24602)
-- Name: accounts_gasconsumption; Type: TABLE; Schema: public; Owner: carbon_foot
--

CREATE TABLE public.accounts_gasconsumption (
    id bigint NOT NULL,
    total_area double precision NOT NULL,
    proportion_of_research_group double precision NOT NULL,
    benchmark_gas_consumption double precision,
    gas_carbon_intensity double precision NOT NULL,
    transmission_distribution_intensity double precision NOT NULL,
    total_emissions double precision NOT NULL,
    space_type_id bigint NOT NULL
);


ALTER TABLE public.accounts_gasconsumption OWNER TO carbon_foot;

--
-- TOC entry 224 (class 1259 OID 24605)
-- Name: accounts_gasconsumption_id_seq; Type: SEQUENCE; Schema: public; Owner: carbon_foot
--

ALTER TABLE public.accounts_gasconsumption ALTER COLUMN id ADD GENERATED BY DEFAULT AS IDENTITY (
    SEQUENCE NAME public.accounts_gasconsumption_id_seq
    START WITH 1
    INCREMENT BY 1
    NO MINVALUE
    NO MAXVALUE
    CACHE 1
);


--
-- TOC entry 225 (class 1259 OID 24606)
-- Name: accounts_generaldataentry; Type: TABLE; Schema: public; Owner: carbon_foot
--

CREATE TABLE public.accounts_generaldataentry (
    id bigint NOT NULL,
    space_type character varying(50),
    unit character varying(10),
    total_area double precision,
    mode_of_travel character varying(50),
    distance double precision,
    type_of_waste character varying(50),
    amount double precision,
    date_created timestamp with time zone NOT NULL,
    submission_id bigint NOT NULL
);


ALTER TABLE public.accounts_generaldataentry OWNER TO carbon_foot;

--
-- TOC entry 226 (class 1259 OID 24609)
-- Name: accounts_generaldataentry_id_seq; Type: SEQUENCE; Schema: public; Owner: carbon_foot
--

ALTER TABLE public.accounts_generaldataentry ALTER COLUMN id ADD GENERATED BY DEFAULT AS IDENTITY (
    SEQUENCE NAME public.accounts_generaldataentry_id_seq
    START WITH 1
    INCREMENT BY 1
    NO MINVALUE
    NO MAXVALUE
    CACHE 1
);


--
-- TOC entry 227 (class 1259 OID 24610)
-- Name: accounts_proportionentry; Type: TABLE; Schema: public; Owner: carbon_foot
--

CREATE TABLE public.accounts_proportionentry (
    id bigint NOT NULL,
    total_fte_research_group integer NOT NULL,
    fte_staff_on_project integer NOT NULL,
    proportion_research_group_on_project double precision NOT NULL,
    submission_id bigint NOT NULL
);


ALTER TABLE public.accounts_proportionentry OWNER TO carbon_foot;

--
-- TOC entry 228 (class 1259 OID 24613)
-- Name: accounts_proportionentry_id_seq; Type: SEQUENCE; Schema: public; Owner: carbon_foot
--

ALTER TABLE public.accounts_proportionentry ALTER COLUMN id ADD GENERATED BY DEFAULT AS IDENTITY (
    SEQUENCE NAME public.accounts_proportionentry_id_seq
    START WITH 1
    INCREMENT BY 1
    NO MINVALUE
    NO MAXVALUE
    CACHE 1
);


--
-- TOC entry 229 (class 1259 OID 24614)
-- Name: accounts_researchfield; Type: TABLE; Schema: public; Owner: carbon_foot
--

CREATE TABLE public.accounts_researchfield (
    name character varying(255) NOT NULL
);


ALTER TABLE public.accounts_researchfield OWNER TO carbon_foot;

--
-- TOC entry 230 (class 1259 OID 24617)
-- Name: accounts_spacetypeentry; Type: TABLE; Schema: public; Owner: carbon_foot
--

CREATE TABLE public.accounts_spacetypeentry (
    id bigint NOT NULL,
    space_type character varying(50) NOT NULL,
    unit character varying(10) NOT NULL,
    total_area double precision NOT NULL,
    submission_id bigint NOT NULL
);


ALTER TABLE public.accounts_spacetypeentry OWNER TO carbon_foot;

--
-- TOC entry 231 (class 1259 OID 24620)
-- Name: accounts_spacetypeentry_id_seq; Type: SEQUENCE; Schema: public; Owner: carbon_foot
--

ALTER TABLE public.accounts_spacetypeentry ALTER COLUMN id ADD GENERATED BY DEFAULT AS IDENTITY (
    SEQUENCE NAME public.accounts_spacetypeentry_id_seq
    START WITH 1
    INCREMENT BY 1
    NO MINVALUE
    NO MAXVALUE
    CACHE 1
);


--
-- TOC entry 232 (class 1259 OID 24621)
-- Name: accounts_submission; Type: TABLE; Schema: public; Owner: carbon_foot
--

CREATE TABLE public.accounts_submission (
    id bigint NOT NULL,
    project_name character varying(50) NOT NULL,
    total_number_fte_research_group integer NOT NULL,
    number_fte_staff_working_on_project integer NOT NULL,
    proportion_research_group_working_on_project double precision NOT NULL,
    date_submitted timestamp with time zone NOT NULL,
    user_id bigint NOT NULL
);


ALTER TABLE public.accounts_submission OWNER TO carbon_foot;

--
-- TOC entry 233 (class 1259 OID 24624)
-- Name: accounts_submission_id_seq; Type: SEQUENCE; Schema: public; Owner: carbon_foot
--

ALTER TABLE public.accounts_submission ALTER COLUMN id ADD GENERATED BY DEFAULT AS IDENTITY (
    SEQUENCE NAME public.accounts_submission_id_seq
    START WITH 1
    INCREMENT BY 1
    NO MINVALUE
    NO MAXVALUE
    CACHE 1
);


--
-- TOC entry 234 (class 1259 OID 24625)
-- Name: accounts_travelemission; Type: TABLE; Schema: public; Owner: carbon_foot
--

CREATE TABLE public.accounts_travelemission (
    id bigint NOT NULL,
    mode_of_travel character varying(100) NOT NULL,
    distance double precision NOT NULL,
    carbon_intensity numeric(10,5),
    total_emissions numeric(12,5),
    submission_id bigint NOT NULL
);


ALTER TABLE public.accounts_travelemission OWNER TO carbon_foot;

--
-- TOC entry 235 (class 1259 OID 24628)
-- Name: accounts_travelemission_id_seq; Type: SEQUENCE; Schema: public; Owner: carbon_foot
--

ALTER TABLE public.accounts_travelemission ALTER COLUMN id ADD GENERATED BY DEFAULT AS IDENTITY (
    SEQUENCE NAME public.accounts_travelemission_id_seq
    START WITH 1
    INCREMENT BY 1
    NO MINVALUE
    NO MAXVALUE
    CACHE 1
);


--
-- TOC entry 236 (class 1259 OID 24629)
-- Name: accounts_university; Type: TABLE; Schema: public; Owner: carbon_foot
--

CREATE TABLE public.accounts_university (
    name character varying(255) NOT NULL
);


ALTER TABLE public.accounts_university OWNER TO carbon_foot;

--
-- TOC entry 237 (class 1259 OID 24632)
-- Name: accounts_user; Type: TABLE; Schema: public; Owner: carbon_foot
--

CREATE TABLE public.accounts_user (
    id bigint NOT NULL,
    password character varying(128) NOT NULL,
    last_login timestamp with time zone,
    is_superuser boolean NOT NULL,
    username character varying(150) NOT NULL,
    first_name character varying(150) NOT NULL,
    last_name character varying(150) NOT NULL,
    is_staff boolean NOT NULL,
    is_active boolean NOT NULL,
    date_joined timestamp with time zone NOT NULL,
    email character varying(35) NOT NULL,
    institute_id bigint,
    research_field_id bigint,
    is_admin boolean NOT NULL,
    is_researcher boolean NOT NULL,
    is_verified boolean NOT NULL
);


ALTER TABLE public.accounts_user OWNER TO carbon_foot;

--
-- TOC entry 238 (class 1259 OID 24637)
-- Name: accounts_user_groups; Type: TABLE; Schema: public; Owner: carbon_foot
--

CREATE TABLE public.accounts_user_groups (
    id bigint NOT NULL,
    user_id bigint NOT NULL,
    group_id integer NOT NULL
);


ALTER TABLE public.accounts_user_groups OWNER TO carbon_foot;

--
-- TOC entry 239 (class 1259 OID 24640)
-- Name: accounts_user_groups_id_seq; Type: SEQUENCE; Schema: public; Owner: carbon_foot
--

ALTER TABLE public.accounts_user_groups ALTER COLUMN id ADD GENERATED BY DEFAULT AS IDENTITY (
    SEQUENCE NAME public.accounts_user_groups_id_seq
    START WITH 1
    INCREMENT BY 1
    NO MINVALUE
    NO MAXVALUE
    CACHE 1
);


--
-- TOC entry 240 (class 1259 OID 24641)
-- Name: accounts_user_id_seq; Type: SEQUENCE; Schema: public; Owner: carbon_foot
--

ALTER TABLE public.accounts_user ALTER COLUMN id ADD GENERATED BY DEFAULT AS IDENTITY (
    SEQUENCE NAME public.accounts_user_id_seq
    START WITH 1
    INCREMENT BY 1
    NO MINVALUE
    NO MAXVALUE
    CACHE 1
);


--
-- TOC entry 241 (class 1259 OID 24642)
-- Name: accounts_user_user_permissions; Type: TABLE; Schema: public; Owner: carbon_foot
--

CREATE TABLE public.accounts_user_user_permissions (
    id bigint NOT NULL,
    user_id bigint NOT NULL,
    permission_id integer NOT NULL
);


ALTER TABLE public.accounts_user_user_permissions OWNER TO carbon_foot;

--
-- TOC entry 242 (class 1259 OID 24645)
-- Name: accounts_user_user_permissions_id_seq; Type: SEQUENCE; Schema: public; Owner: carbon_foot
--

ALTER TABLE public.accounts_user_user_permissions ALTER COLUMN id ADD GENERATED BY DEFAULT AS IDENTITY (
    SEQUENCE NAME public.accounts_user_user_permissions_id_seq
    START WITH 1
    INCREMENT BY 1
    NO MINVALUE
    NO MAXVALUE
    CACHE 1
);


--
-- TOC entry 243 (class 1259 OID 24646)
-- Name: accounts_wasteemission; Type: TABLE; Schema: public; Owner: carbon_foot
--

CREATE TABLE public.accounts_wasteemission (
    id bigint NOT NULL,
    type_of_waste character varying(50) NOT NULL,
    amount double precision NOT NULL,
    carbon_intensity numeric(10,5),
    total_emissions numeric(15,5),
    submission_id bigint NOT NULL
);


ALTER TABLE public.accounts_wasteemission OWNER TO carbon_foot;

--
-- TOC entry 244 (class 1259 OID 24649)
-- Name: accounts_wasteemission_id_seq; Type: SEQUENCE; Schema: public; Owner: carbon_foot
--

ALTER TABLE public.accounts_wasteemission ALTER COLUMN id ADD GENERATED BY DEFAULT AS IDENTITY (
    SEQUENCE NAME public.accounts_wasteemission_id_seq
    START WITH 1
    INCREMENT BY 1
    NO MINVALUE
    NO MAXVALUE
    CACHE 1
);


--
-- TOC entry 245 (class 1259 OID 24650)
-- Name: accounts_waterconsumption; Type: TABLE; Schema: public; Owner: carbon_foot
--

CREATE TABLE public.accounts_waterconsumption (
    id bigint NOT NULL,
    total_area double precision NOT NULL,
    proportion_of_research_group double precision NOT NULL,
    benchmark_water_consumption double precision NOT NULL,
    water_consumption double precision NOT NULL,
    water_consumption_carbon_intensity double precision NOT NULL,
    water_treatment_carbon_intensity double precision NOT NULL,
    total_emissions double precision NOT NULL,
    space_type_id bigint NOT NULL
);


ALTER TABLE public.accounts_waterconsumption OWNER TO carbon_foot;

--
-- TOC entry 246 (class 1259 OID 24653)
-- Name: accounts_waterconsumption_id_seq; Type: SEQUENCE; Schema: public; Owner: carbon_foot
--

ALTER TABLE public.accounts_waterconsumption ALTER COLUMN id ADD GENERATED BY DEFAULT AS IDENTITY (
    SEQUENCE NAME public.accounts_waterconsumption_id_seq
    START WITH 1
    INCREMENT BY 1
    NO MINVALUE
    NO MAXVALUE
    CACHE 1
);


--
-- TOC entry 247 (class 1259 OID 24654)
-- Name: auth_group; Type: TABLE; Schema: public; Owner: carbon_foot
--

CREATE TABLE public.auth_group (
    id integer NOT NULL,
    name character varying(150) NOT NULL
);


ALTER TABLE public.auth_group OWNER TO carbon_foot;

--
-- TOC entry 248 (class 1259 OID 24657)
-- Name: auth_group_id_seq; Type: SEQUENCE; Schema: public; Owner: carbon_foot
--

ALTER TABLE public.auth_group ALTER COLUMN id ADD GENERATED BY DEFAULT AS IDENTITY (
    SEQUENCE NAME public.auth_group_id_seq
    START WITH 1
    INCREMENT BY 1
    NO MINVALUE
    NO MAXVALUE
    CACHE 1
);


--
-- TOC entry 249 (class 1259 OID 24658)
-- Name: auth_group_permissions; Type: TABLE; Schema: public; Owner: carbon_foot
--

CREATE TABLE public.auth_group_permissions (
    id bigint NOT NULL,
    group_id integer NOT NULL,
    permission_id integer NOT NULL
);


ALTER TABLE public.auth_group_permissions OWNER TO carbon_foot;

--
-- TOC entry 250 (class 1259 OID 24661)
-- Name: auth_group_permissions_id_seq; Type: SEQUENCE; Schema: public; Owner: carbon_foot
--

ALTER TABLE public.auth_group_permissions ALTER COLUMN id ADD GENERATED BY DEFAULT AS IDENTITY (
    SEQUENCE NAME public.auth_group_permissions_id_seq
    START WITH 1
    INCREMENT BY 1
    NO MINVALUE
    NO MAXVALUE
    CACHE 1
);


--
-- TOC entry 251 (class 1259 OID 24662)
-- Name: auth_permission; Type: TABLE; Schema: public; Owner: carbon_foot
--

CREATE TABLE public.auth_permission (
    id integer NOT NULL,
    name character varying(255) NOT NULL,
    content_type_id integer NOT NULL,
    codename character varying(100) NOT NULL
);


ALTER TABLE public.auth_permission OWNER TO carbon_foot;

--
-- TOC entry 252 (class 1259 OID 24665)
-- Name: auth_permission_id_seq; Type: SEQUENCE; Schema: public; Owner: carbon_foot
--

ALTER TABLE public.auth_permission ALTER COLUMN id ADD GENERATED BY DEFAULT AS IDENTITY (
    SEQUENCE NAME public.auth_permission_id_seq
    START WITH 1
    INCREMENT BY 1
    NO MINVALUE
    NO MAXVALUE
    CACHE 1
);


--
-- TOC entry 253 (class 1259 OID 24666)
-- Name: calculator_calculationrecord; Type: TABLE; Schema: public; Owner: carbon_foot
--

CREATE TABLE public.calculator_calculationrecord (
    id bigint NOT NULL,
    "timestamp" timestamp with time zone NOT NULL,
    input_data jsonb NOT NULL,
    results jsonb NOT NULL,
    description text
);


ALTER TABLE public.calculator_calculationrecord OWNER TO carbon_foot;

--
-- TOC entry 254 (class 1259 OID 24671)
-- Name: calculator_calculationrecord_id_seq; Type: SEQUENCE; Schema: public; Owner: carbon_foot
--

ALTER TABLE public.calculator_calculationrecord ALTER COLUMN id ADD GENERATED BY DEFAULT AS IDENTITY (
    SEQUENCE NAME public.calculator_calculationrecord_id_seq
    START WITH 1
    INCREMENT BY 1
    NO MINVALUE
    NO MAXVALUE
    CACHE 1
);


--
-- TOC entry 255 (class 1259 OID 24672)
-- Name: django_admin_log; Type: TABLE; Schema: public; Owner: carbon_foot
--

CREATE TABLE public.django_admin_log (
    id integer NOT NULL,
    action_time timestamp with time zone NOT NULL,
    object_id text,
    object_repr character varying(200) NOT NULL,
    action_flag smallint NOT NULL,
    change_message text NOT NULL,
    content_type_id integer,
    user_id bigint NOT NULL,
    CONSTRAINT django_admin_log_action_flag_check CHECK ((action_flag >= 0))
);


ALTER TABLE public.django_admin_log OWNER TO carbon_foot;

--
-- TOC entry 256 (class 1259 OID 24678)
-- Name: django_admin_log_id_seq; Type: SEQUENCE; Schema: public; Owner: carbon_foot
--

ALTER TABLE public.django_admin_log ALTER COLUMN id ADD GENERATED BY DEFAULT AS IDENTITY (
    SEQUENCE NAME public.django_admin_log_id_seq
    START WITH 1
    INCREMENT BY 1
    NO MINVALUE
    NO MAXVALUE
    CACHE 1
);


--
-- TOC entry 257 (class 1259 OID 24679)
-- Name: django_content_type; Type: TABLE; Schema: public; Owner: carbon_foot
--

CREATE TABLE public.django_content_type (
    id integer NOT NULL,
    app_label character varying(100) NOT NULL,
    model character varying(100) NOT NULL
);


ALTER TABLE public.django_content_type OWNER TO carbon_foot;

--
-- TOC entry 258 (class 1259 OID 24682)
-- Name: django_content_type_id_seq; Type: SEQUENCE; Schema: public; Owner: carbon_foot
--

ALTER TABLE public.django_content_type ALTER COLUMN id ADD GENERATED BY DEFAULT AS IDENTITY (
    SEQUENCE NAME public.django_content_type_id_seq
    START WITH 1
    INCREMENT BY 1
    NO MINVALUE
    NO MAXVALUE
    CACHE 1
);


--
-- TOC entry 259 (class 1259 OID 24683)
-- Name: django_migrations; Type: TABLE; Schema: public; Owner: carbon_foot
--

CREATE TABLE public.django_migrations (
    id bigint NOT NULL,
    app character varying(255) NOT NULL,
    name character varying(255) NOT NULL,
    applied timestamp with time zone NOT NULL
);


ALTER TABLE public.django_migrations OWNER TO carbon_foot;

--
-- TOC entry 260 (class 1259 OID 24688)
-- Name: django_migrations_id_seq; Type: SEQUENCE; Schema: public; Owner: carbon_foot
--

ALTER TABLE public.django_migrations ALTER COLUMN id ADD GENERATED BY DEFAULT AS IDENTITY (
    SEQUENCE NAME public.django_migrations_id_seq
    START WITH 1
    INCREMENT BY 1
    NO MINVALUE
    NO MAXVALUE
    CACHE 1
);


--
-- TOC entry 261 (class 1259 OID 24689)
-- Name: django_session; Type: TABLE; Schema: public; Owner: carbon_foot
--

CREATE TABLE public.django_session (
    session_key character varying(40) NOT NULL,
    session_data text NOT NULL,
    expire_date timestamp with time zone NOT NULL
);


ALTER TABLE public.django_session OWNER TO carbon_foot;

--
-- TOC entry 3320 (class 2604 OID 24694)
-- Name: accounts_benchmark id; Type: DEFAULT; Schema: public; Owner: carbon_foot
--

ALTER TABLE ONLY public.accounts_benchmark ALTER COLUMN id SET DEFAULT nextval('public.accounts_benchmark_id_seq'::regclass);


--
-- TOC entry 3585 (class 0 OID 24576)
-- Dependencies: 214
-- Data for Name: accounts_benchmark; Type: TABLE DATA; Schema: public; Owner: carbon_foot
--

COPY public.accounts_benchmark (id, space_type, year, avg_electricity_consumption, avg_gas_consumption, avg_water_consumption, electricity_multiplier, gas_multiplier, water_multiplier) FROM stdin;
1	Academic Laboratory	2024	186	181	1.7	1.12	1.37	1
2	Academic Office	2024	97	125	1.4	1.12	1.37	1
3	Admin Office	2024	103	132	1	1.12	1.37	1
4	Physical Sciences Laboratory	2024	0	0	1.7	1	1	1
5	Medical/Life Sciences Laboratory	2024	0	0	1.4	1	1	1
6	Engineering Laboratory	2024	0	0	1.7	1	1	1
7	Office/Admin Space	2024	0	0	1	1	1	1
\.


--
-- TOC entry 3587 (class 0 OID 24587)
-- Dependencies: 217
-- Data for Name: accounts_benchmarkdata; Type: TABLE DATA; Schema: public; Owner: carbon_foot
--

COPY public.accounts_benchmarkdata (id, consumption_type, category, amount, unit, year, notes) FROM stdin;
1	electricity	Academic Laboratory	207.99	kWh/m²	2024	Source: Gov Energy Report
2	electricity	Academic Office	108.47	kWh/m²	2024	Source: Gov Energy Report
3	electricity	Admin Office	115.17	kWh/m²	2024	Source: Gov Energy Report
4	gas	Academic Laboratory	247.39	kWh/m²	2024	Source: Industry Report
5	gas	Academic Office	170.85	kWh/m²	2024	Source: Industry Report
6	gas	Admin Office	180.41	kWh/m²	2024	Source: Industry Report
7	water	Physical Sciences Laboratory	1.70	m³/m²	2024	Estimate based on usage
8	water	Medical/Life Sciences Laboratory	1.40	m³/m²	2024	Estimate based on usage
9	water	Engineering Laboratory	1.70	m³/m²	2024	Estimate based on usage
10	water	Office/Admin Space	1.00	m³/m²	2024	Estimate based on usage
\.


--
-- TOC entry 3589 (class 0 OID 24594)
-- Dependencies: 219
-- Data for Name: accounts_conversionfactor; Type: TABLE DATA; Schema: public; Owner: carbon_foot
--

COPY public.accounts_conversionfactor (id, activity, value, unit) FROM stdin;
1	Electricity consumption (kWh)	0.21200	\N
2	Transmission & distribution (kg)	0.01900	\N
3	Gas consumption (kWh)	0.18300	\N
4	Water consumption (m3)	0.14900	\N
5	Water treatment (m3)	0.27200	\N
6	Air - Economy short-haul,	0.15100	\N
7	Air - Business short-haul, to/from	0.22700	\N
8	Air - Economy long-haul, to/from	0.14800	\N
9	Air - Business long-haul, to/from	0.42900	\N
10	Air - Economy international,	0.14100	\N
11	Air - Business international,	0.40800	\N
12	Sea - Ferry	0.11300	\N
13	Land - Car	0.16800	\N
14	Land - Motorbike	0.11400	\N
15	Land - Taxis	0.14900	\N
16	Land - Local Bus	0.10200	\N
17	Land - Coach	0.02700	\N
18	Land - National rail	0.03500	\N
19	Land - International rail	0.00400	\N
20	Land - Light rail and tram	0.02900	\N
21	Mixed recycling	21.29400	\N
22	General waste	446.24200	\N
23	Clinical waste	297.00000	\N
24	Chemical waste	273.00000	\N
25	Biological waste	1000.00000	\N
26	WEEE mixed recycling	21.29400	\N
\.


--
-- TOC entry 3591 (class 0 OID 24598)
-- Dependencies: 221
-- Data for Name: accounts_electricityconsumption; Type: TABLE DATA; Schema: public; Owner: carbon_foot
--

COPY public.accounts_electricityconsumption (id, total_area, proportion_of_research_group, benchmark_electricity_consumption, grid_carbon_intensity, transmission_distribution_intensity, total_emissions, space_type_id) FROM stdin;
1	200.5	0.8333333333333334	115.36000000000001	0.212	0.0194	4460.173293333334	10
2	150.75	0.8333333333333334	208.32000000000002	0.212	0.0194	6055.784280000001	8
\.


--
-- TOC entry 3593 (class 0 OID 24602)
-- Dependencies: 223
-- Data for Name: accounts_gasconsumption; Type: TABLE DATA; Schema: public; Owner: carbon_foot
--

COPY public.accounts_gasconsumption (id, total_area, proportion_of_research_group, benchmark_gas_consumption, gas_carbon_intensity, transmission_distribution_intensity, total_emissions, space_type_id) FROM stdin;
1	200.5	0.8333333333333334	180.84	0.183	0.0188	6097.457630000001	10
2	150.75	0.8333333333333334	247.97000000000003	0.183	0.0188	6286.318466250001	8
\.


--
-- TOC entry 3595 (class 0 OID 24606)
-- Dependencies: 225
-- Data for Name: accounts_generaldataentry; Type: TABLE DATA; Schema: public; Owner: carbon_foot
--

COPY public.accounts_generaldataentry (id, space_type, unit, total_area, mode_of_travel, distance, type_of_waste, amount, date_created, submission_id) FROM stdin;
1	Academic Laboratory	m²	500	\N	\N	\N	\N	2025-01-29 22:20:23.680289+00	1
2	Admin Office	m²	300	\N	\N	\N	\N	2025-01-29 22:20:23.680289+00	1
3	\N	\N	\N	Air - Economy short-haul, to/from UK	5000	\N	\N	2025-01-29 22:20:23.680289+00	2
4	\N	\N	\N	Air - Business short-haul, to/from UK	4000	\N	\N	2025-01-29 22:20:23.680289+00	2
5	\N	\N	\N	Air - Economy long-haul, to/from UK	10000	\N	\N	2025-01-29 22:20:23.680289+00	2
6	\N	\N	\N	Air - Business long-haul, to/from UK	9000	\N	\N	2025-01-29 22:20:23.680289+00	2
7	\N	\N	\N	Air - Economy international, to/from non-UK	12000	\N	\N	2025-01-29 22:20:23.680289+00	2
8	\N	\N	\N	Air - Business international, to/from non-UK	11000	\N	\N	2025-01-29 22:20:23.680289+00	2
9	\N	\N	\N	Sea - Ferry	200	\N	\N	2025-01-29 22:20:23.680289+00	2
10	\N	\N	\N	Land - Car	300	\N	\N	2025-01-29 22:20:23.680289+00	2
11	\N	\N	\N	Land - Motorbike	150	\N	\N	2025-01-29 22:20:23.680289+00	2
12	\N	\N	\N	Land - Taxis	50	\N	\N	2025-01-29 22:20:23.680289+00	2
13	\N	\N	\N	Land - Local Bus	80	\N	\N	2025-01-29 22:20:23.680289+00	2
14	\N	\N	\N	Land - Coach	500	\N	\N	2025-01-29 22:20:23.680289+00	2
15	\N	\N	\N	Land - National rail	600	\N	\N	2025-01-29 22:20:23.680289+00	2
16	\N	\N	\N	Land - International rail	700	\N	\N	2025-01-29 22:20:23.680289+00	2
17	\N	\N	\N	Land - Light rail and tram	100	\N	\N	2025-01-29 22:20:23.680289+00	2
18	\N	\N	\N	\N	\N	Mixed Recycling	50.3	2025-01-29 22:20:23.680289+00	3
19	\N	\N	\N	\N	\N	General Waste	30.2	2025-01-29 22:20:23.680289+00	3
20	\N	\N	\N	\N	\N	Clinical Waste	12.5	2025-01-29 22:20:23.680289+00	3
21	\N	\N	\N	\N	\N	Chemical Waste	8.1	2025-01-29 22:20:23.680289+00	3
22	\N	\N	\N	\N	\N	Biological Waste	5.6	2025-01-29 22:20:23.680289+00	3
23	\N	\N	\N	\N	\N	WEEE Mixed Recycling	3.2	2025-01-29 22:20:23.680289+00	3
24	Academic Laboratory	m²	500	\N	\N	\N	\N	2025-01-29 22:26:26.774882+00	1
25	Admin Office	m²	300	\N	\N	\N	\N	2025-01-29 22:26:26.774882+00	1
26	\N	\N	\N	Train	120.5	\N	\N	2025-01-29 22:26:26.774882+00	2
27	\N	\N	\N	Car	45	\N	\N	2025-01-29 22:26:26.774882+00	2
28	\N	\N	\N	\N	\N	Mixed Recycling	50.3	2025-01-29 22:26:26.774882+00	3
29	\N	\N	\N	\N	\N	General Waste	30.2	2025-01-29 22:26:26.774882+00	3
30	\N	\N	\N	\N	\N	Clinical Waste	12.5	2025-01-29 22:26:26.774882+00	3
31	\N	\N	\N	\N	\N	Chemical Waste	8.1	2025-01-29 22:26:26.774882+00	3
32	\N	\N	\N	\N	\N	Biological Waste	5.6	2025-01-29 22:26:26.774882+00	3
33	\N	\N	\N	\N	\N	WEEE Mixed Recycling	3.2	2025-01-29 22:26:26.774882+00	3
\.


--
-- TOC entry 3597 (class 0 OID 24610)
-- Dependencies: 227
-- Data for Name: accounts_proportionentry; Type: TABLE DATA; Schema: public; Owner: carbon_foot
--

COPY public.accounts_proportionentry (id, total_fte_research_group, fte_staff_on_project, proportion_research_group_on_project, submission_id) FROM stdin;
19	60	50	0.8333333333333334	1
20	45	28	0.6222222222222222	2
21	72	45	0.625	3
22	50	30	0.6	4
23	42	32	0.7619047619047619	5
24	55	22	0.4	6
25	38	16	0.42105263157894735	7
26	49	36	0.7346938775510204	8
27	32	12	0.375	9
\.


--
-- TOC entry 3599 (class 0 OID 24614)
-- Dependencies: 229
-- Data for Name: accounts_researchfield; Type: TABLE DATA; Schema: public; Owner: carbon_foot
--

COPY public.accounts_researchfield (name) FROM stdin;
Environmental Science
Sustainable Engineering
Climate Change Studies
Renewable Energy Systems
Water Resource Management
Carbon Footprint Analysis
\.


--
-- TOC entry 3600 (class 0 OID 24617)
-- Dependencies: 230
-- Data for Name: accounts_spacetypeentry; Type: TABLE DATA; Schema: public; Owner: carbon_foot
--

COPY public.accounts_spacetypeentry (id, space_type, unit, total_area, submission_id) FROM stdin;
8	Academic Laboratory	m²	150.75	1
9	Academic office	m²	120.75	1
10	Admin Office	m²	200.5	1
11	Engineering Laboratory	m²	180.25	2
12	Medical/Life Sciences Laboratory	m²	300	2
13	Physical Sciences Laboratory	m²	250	3
14	Office/Admin Space	m²	120	3
\.


--
-- TOC entry 3602 (class 0 OID 24621)
-- Dependencies: 232
-- Data for Name: accounts_submission; Type: TABLE DATA; Schema: public; Owner: carbon_foot
--

COPY public.accounts_submission (id, project_name, total_number_fte_research_group, number_fte_staff_working_on_project, proportion_research_group_working_on_project, date_submitted, user_id) FROM stdin;
1	AI in Healthcare Solutions	60	50	0.83	2023-01-10 09:00:00+00	1
2	Renewable Energy Grid Optimization	45	28	0.62	2023-02-22 14:15:00+00	2
3	Space Exploration: Mars Mission Preparations	72	45	0.63	2023-03-05 12:00:00+00	3
4	Advanced Robotics for Manufacturing	50	30	0.6	2023-03-15 08:30:00+00	4
5	Quantum Computing Breakthroughs	42	32	0.76	2023-04-15 09:30:00+00	2
6	Novel Alzheimer's Disease Treatments	55	22	0.4	2023-05-01 14:20:00+00	1
7	Next-Gen Sustainable Biofuel Development	38	16	0.42	2023-06-30 11:00:00+00	2
8	Personalized Cancer Immunotherapy Research	49	36	0.73	2023-07-20 16:45:00+00	3
9	Exoplanet Detection and Characterization	32	12	0.38	2023-08-10 10:15:00+00	2
\.


--
-- TOC entry 3604 (class 0 OID 24625)
-- Dependencies: 234
-- Data for Name: accounts_travelemission; Type: TABLE DATA; Schema: public; Owner: carbon_foot
--

COPY public.accounts_travelemission (id, mode_of_travel, distance, carbon_intensity, total_emissions, submission_id) FROM stdin;
1	Air - Economy short-haul, to/from UK	5000	0.15100	755.00000	2
2	Air - Business short-haul, to/from UK	4000	0.22700	908.00000	2
3	Air - Economy long-haul, to/from UK	10000	0.14800	1480.00000	2
4	Air - Business long-haul, to/from UK	9000	0.42900	3861.00000	2
5	Air - Economy international, to/from non-UK	12000	0.14100	1692.00000	2
6	Air - Business international, to/from non-UK	11000	0.40800	4488.00000	2
7	Sea - Ferry	200	0.11300	22.60000	2
8	Land - Car	300	0.16800	50.40000	2
9	Land - Motorbike	150	0.11400	17.10000	2
10	Land - Taxis	50	0.14900	7.45000	2
11	Land - Local Bus	80	0.10200	8.16000	2
12	Land - Coach	500	0.02700	13.50000	2
13	Land - National rail	600	0.03500	21.00000	2
14	Land - International rail	700	0.04100	28.70000	2
15	Land - Light rail and tram	100	0.02900	2.90000	2
\.


--
-- TOC entry 3606 (class 0 OID 24629)
-- Dependencies: 236
-- Data for Name: accounts_university; Type: TABLE DATA; Schema: public; Owner: carbon_foot
--

COPY public.accounts_university (name) FROM stdin;
Abertay University
Aberystwyth University
Anglia Ruskin University
Aston University
Bangor University
Bath Spa University
Birkbeck, University of London
Birmingham City University
Bishop Grosseteste University
Bournemouth University
Brunel University London
Buckinghamshire New University
Canterbury Christ Church University
Cardiff Metropolitan University
Cardiff University
University of Aberdeen
University of Bath
University of Birmingham
University of Bolton
University of Bradford
University of Brighton
University of Bristol
University of Buckingham
University of Cambridge
University of Central Lancashire
University of Chester
University of Chichester
University of Cumbria
University of Derby
University of Dundee
University of Durham
University of East Anglia
University of East London
University of Edinburgh
University of Essex
University of Exeter
University of Glasgow
University of Gloucestershire
University of Greenwich
University of Hertfordshire
University of Huddersfield
University of Hull
University of Keele
University of Kent
University of Lancaster
University of Leeds
University of Leicester
University of Lincoln
University of Liverpool
University of London
University of Manchester
University of Newcastle upon Tyne
University of Northampton
University of Nottingham
University of Oxford
University of Plymouth
University of Portsmouth
University of Reading
University of Salford
University of Sheffield
University of Southampton
University of St Andrews
University of Stirling
University of Strathclyde
University of Sunderland
University of Surrey
University of Sussex
University of the Arts London
University of the West of England
University of the West of Scotland
University of Wales
University of Warwick
University of Westminster
University of Winchester
University of Wolverhampton
University of Worcester
University of York
\.


--
-- TOC entry 3607 (class 0 OID 24632)
-- Dependencies: 237
-- Data for Name: accounts_user; Type: TABLE DATA; Schema: public; Owner: carbon_foot
--

COPY public.accounts_user (id, password, last_login, is_superuser, username, first_name, last_name, is_staff, is_active, date_joined, email, institute_id, research_field_id, is_admin, is_researcher, is_verified) FROM stdin;
1	pbkdf2_sha256$600000$5RpJg3Rtza9i9zBSW6MjvW$NQswlVRTAU0QOxTQbgOO6XPUiuPJni3T82d0b56+6g8=	2025-01-29 22:08:04.711798+00	f	pratmaty	Pratt	Redman	f	t	2025-01-29 22:07:45.478265+00	adsfdsa@stu.gla.ac.uk	\N	\N	f	f	f
3	pbkdf2_sha256$600000$pxLj6CB0T917wZVnmBAEdF$v71C1PI3Wbr6HDqujC8xgJbm3et3ZSziPQoc91DcsMk=	2025-01-29 22:11:11.996557+00	f	cipher	Cipher	Reed	f	t	2025-01-29 22:10:37.997918+00	yiuweahk@op.ac.uk	\N	\N	f	f	f
4	pbkdf2_sha256$600000$jOzbmyDh9nvIiuLYUl35an$1jKlyUXnWmURcgVAxRZqDFTTbJawlMA3koc4xLmLbl0=	\N	f	beetroot	Betty	Foster	f	t	2025-01-29 22:11:45.93357+00	asdfasdv@stu.ga.ac.uk	\N	\N	f	f	f
2	pbkdf2_sha256$600000$At4EMRpzz5FqTOleXbGk1l$Qz/UGzq7gjcrHrqB6OZYeaEkKS5RBCoiVPOBzQrjgR8=	2025-01-29 22:12:28.354429+00	f	carbonfoot	Carbonfoot	Test	f	t	2025-01-29 22:09:16.992218+00	asdfasd2@ed.ac.uk	\N	\N	f	f	f
5	hashed_password_1	\N	f	alice	Alice	Johnson	f	t	2025-01-29 22:26:17.18664+00	alice@university.co.uk	1	1	f	t	t
6	hashed_password_2	\N	f	bob	Bob	Smith	f	t	2025-01-29 22:26:17.18664+00	bob@research.co.uk	2	1	f	t	f
7	hashed_password_3	\N	f	charlie	Charlie	Brown	f	t	2025-01-29 22:26:17.18664+00	charlie@science.co.uk	1	2	t	f	t
8	hashed_password_4	\N	t	david	David	Lee	t	t	2025-01-29 22:26:17.18664+00	david@institute.co.uk	2	2	t	f	t
\.


--
-- TOC entry 3608 (class 0 OID 24637)
-- Dependencies: 238
-- Data for Name: accounts_user_groups; Type: TABLE DATA; Schema: public; Owner: carbon_foot
--

COPY public.accounts_user_groups (id, user_id, group_id) FROM stdin;
\.


--
-- TOC entry 3611 (class 0 OID 24642)
-- Dependencies: 241
-- Data for Name: accounts_user_user_permissions; Type: TABLE DATA; Schema: public; Owner: carbon_foot
--

COPY public.accounts_user_user_permissions (id, user_id, permission_id) FROM stdin;
\.


--
-- TOC entry 3613 (class 0 OID 24646)
-- Dependencies: 243
-- Data for Name: accounts_wasteemission; Type: TABLE DATA; Schema: public; Owner: carbon_foot
--

COPY public.accounts_wasteemission (id, type_of_waste, amount, carbon_intensity, total_emissions, submission_id) FROM stdin;
\.


--
-- TOC entry 3615 (class 0 OID 24650)
-- Dependencies: 245
-- Data for Name: accounts_waterconsumption; Type: TABLE DATA; Schema: public; Owner: carbon_foot
--

COPY public.accounts_waterconsumption (id, total_area, proportion_of_research_group, benchmark_water_consumption, water_consumption, water_consumption_carbon_intensity, water_treatment_carbon_intensity, total_emissions, space_type_id) FROM stdin;
\.


--
-- TOC entry 3617 (class 0 OID 24654)
-- Dependencies: 247
-- Data for Name: auth_group; Type: TABLE DATA; Schema: public; Owner: carbon_foot
--

COPY public.auth_group (id, name) FROM stdin;
\.


--
-- TOC entry 3619 (class 0 OID 24658)
-- Dependencies: 249
-- Data for Name: auth_group_permissions; Type: TABLE DATA; Schema: public; Owner: carbon_foot
--

COPY public.auth_group_permissions (id, group_id, permission_id) FROM stdin;
\.


--
-- TOC entry 3621 (class 0 OID 24662)
-- Dependencies: 251
-- Data for Name: auth_permission; Type: TABLE DATA; Schema: public; Owner: carbon_foot
--

COPY public.auth_permission (id, name, content_type_id, codename) FROM stdin;
1	Can add log entry	1	add_logentry
2	Can change log entry	1	change_logentry
3	Can delete log entry	1	delete_logentry
4	Can view log entry	1	view_logentry
5	Can add permission	2	add_permission
6	Can change permission	2	change_permission
7	Can delete permission	2	delete_permission
8	Can view permission	2	view_permission
9	Can add group	3	add_group
10	Can change group	3	change_group
11	Can delete group	3	delete_group
12	Can view group	3	view_group
13	Can add content type	4	add_contenttype
14	Can change content type	4	change_contenttype
15	Can delete content type	4	delete_contenttype
16	Can view content type	4	view_contenttype
17	Can add session	5	add_session
18	Can change session	5	change_session
19	Can delete session	5	delete_session
20	Can view session	5	view_session
21	Can add user	6	add_user
22	Can change user	6	change_user
23	Can delete user	6	delete_user
24	Can view user	6	view_user
25	Can add benchmark data	7	add_benchmarkdata
26	Can change benchmark data	7	change_benchmarkdata
27	Can delete benchmark data	7	delete_benchmarkdata
28	Can view benchmark data	7	view_benchmarkdata
29	Can add conversion factor	8	add_conversionfactor
30	Can change conversion factor	8	change_conversionfactor
31	Can delete conversion factor	8	delete_conversionfactor
32	Can view conversion factor	8	view_conversionfactor
33	Can add space type entry	9	add_spacetypeentry
34	Can change space type entry	9	change_spacetypeentry
35	Can delete space type entry	9	delete_spacetypeentry
36	Can view space type entry	9	view_spacetypeentry
37	Can add submission	10	add_submission
38	Can change submission	10	change_submission
39	Can delete submission	10	delete_submission
40	Can view submission	10	view_submission
41	Can add water consumption	11	add_waterconsumption
42	Can change water consumption	11	change_waterconsumption
43	Can delete water consumption	11	delete_waterconsumption
44	Can view water consumption	11	view_waterconsumption
45	Can add waste emission	12	add_wasteemission
46	Can change waste emission	12	change_wasteemission
47	Can delete waste emission	12	delete_wasteemission
48	Can view waste emission	12	view_wasteemission
49	Can add travel emission	13	add_travelemission
50	Can change travel emission	13	change_travelemission
51	Can delete travel emission	13	delete_travelemission
52	Can view travel emission	13	view_travelemission
53	Can add proportion entry	14	add_proportionentry
54	Can change proportion entry	14	change_proportionentry
55	Can delete proportion entry	14	delete_proportionentry
56	Can view proportion entry	14	view_proportionentry
57	Can add general data entry	15	add_generaldataentry
58	Can change general data entry	15	change_generaldataentry
59	Can delete general data entry	15	delete_generaldataentry
60	Can view general data entry	15	view_generaldataentry
61	Can add gas consumption	16	add_gasconsumption
62	Can change gas consumption	16	change_gasconsumption
63	Can delete gas consumption	16	delete_gasconsumption
64	Can view gas consumption	16	view_gasconsumption
65	Can add electricity consumption	17	add_electricityconsumption
66	Can change electricity consumption	17	change_electricityconsumption
67	Can delete electricity consumption	17	delete_electricityconsumption
68	Can view electricity consumption	17	view_electricityconsumption
69	Can add research field	18	add_researchfield
70	Can change research field	18	change_researchfield
71	Can delete research field	18	delete_researchfield
72	Can view research field	18	view_researchfield
73	Can add university	19	add_university
74	Can change university	19	change_university
75	Can delete university	19	delete_university
76	Can view university	19	view_university
77	Can add calculation record	20	add_calculationrecord
78	Can change calculation record	20	change_calculationrecord
79	Can delete calculation record	20	delete_calculationrecord
80	Can view calculation record	20	view_calculationrecord
\.


--
-- TOC entry 3623 (class 0 OID 24666)
-- Dependencies: 253
-- Data for Name: calculator_calculationrecord; Type: TABLE DATA; Schema: public; Owner: carbon_foot
--

COPY public.calculator_calculationrecord (id, "timestamp", input_data, results, description) FROM stdin;
\.


--
-- TOC entry 3625 (class 0 OID 24672)
-- Dependencies: 255
-- Data for Name: django_admin_log; Type: TABLE DATA; Schema: public; Owner: carbon_foot
--

COPY public.django_admin_log (id, action_time, object_id, object_repr, action_flag, change_message, content_type_id, user_id) FROM stdin;
\.


--
-- TOC entry 3627 (class 0 OID 24679)
-- Dependencies: 257
-- Data for Name: django_content_type; Type: TABLE DATA; Schema: public; Owner: carbon_foot
--

COPY public.django_content_type (id, app_label, model) FROM stdin;
1	admin	logentry
2	auth	permission
3	auth	group
4	contenttypes	contenttype
5	sessions	session
6	accounts	user
7	accounts	benchmarkdata
8	accounts	conversionfactor
9	accounts	spacetypeentry
10	accounts	submission
11	accounts	waterconsumption
12	accounts	wasteemission
13	accounts	travelemission
14	accounts	proportionentry
15	accounts	generaldataentry
16	accounts	gasconsumption
17	accounts	electricityconsumption
18	accounts	researchfield
19	accounts	university
20	calculator	calculationrecord
\.


--
-- TOC entry 3629 (class 0 OID 24683)
-- Dependencies: 259
-- Data for Name: django_migrations; Type: TABLE DATA; Schema: public; Owner: carbon_foot
--

COPY public.django_migrations (id, app, name, applied) FROM stdin;
1	contenttypes	0001_initial	2025-01-29 21:40:10.694647+00
2	contenttypes	0002_remove_content_type_name	2025-01-29 21:40:10.712067+00
3	auth	0001_initial	2025-01-29 21:40:10.772621+00
4	auth	0002_alter_permission_name_max_length	2025-01-29 21:40:10.784113+00
5	auth	0003_alter_user_email_max_length	2025-01-29 21:40:10.794624+00
6	auth	0004_alter_user_username_opts	2025-01-29 21:40:10.805156+00
7	auth	0005_alter_user_last_login_null	2025-01-29 21:40:10.818449+00
8	auth	0006_require_contenttypes_0002	2025-01-29 21:40:10.822717+00
9	auth	0007_alter_validators_add_error_messages	2025-01-29 21:40:10.835257+00
10	auth	0008_alter_user_username_max_length	2025-01-29 21:40:10.848044+00
11	auth	0009_alter_user_last_name_max_length	2025-01-29 21:40:10.860274+00
12	auth	0010_alter_group_name_max_length	2025-01-29 21:40:10.872209+00
13	auth	0011_update_proxy_permissions	2025-01-29 21:40:10.885538+00
14	auth	0012_alter_user_first_name_max_length	2025-01-29 21:40:10.8996+00
15	accounts	0001_initial	2025-01-29 21:40:11.192029+00
16	accounts	0002_researchfield_university_alter_user_institute_and_more	2025-01-29 21:40:11.306304+00
17	accounts	0003_remove_researchfield_id_remove_university_id_and_more	2025-01-29 21:40:11.396285+00
18	admin	0001_initial	2025-01-29 21:40:11.440945+00
19	admin	0002_logentry_remove_auto_add	2025-01-29 21:40:11.462681+00
20	admin	0003_logentry_add_action_flag_choices	2025-01-29 21:40:11.482199+00
21	calculator	0001_initial	2025-01-29 21:40:11.49652+00
22	sessions	0001_initial	2025-01-29 21:40:11.516918+00
\.


--
-- TOC entry 3631 (class 0 OID 24689)
-- Dependencies: 261
-- Data for Name: django_session; Type: TABLE DATA; Schema: public; Owner: carbon_foot
--

COPY public.django_session (session_key, session_data, expire_date) FROM stdin;
m0atsenng1nvz0kmgu0wuph424oegpbb	.eJxVjEEOwiAQRe_C2hAZYKAu3fcMBJhBqoYmpV0Z765NutDtf-_9lwhxW2vYOi9hInERIE6_W4r5wW0HdI_tNss8t3WZktwVedAux5n4eT3cv4Mae_3WOrO1oA0ikolgyDjPkEoCIrADUXQGvR0c45nBJO2hoELUhZUqisT7A9TiN38:1tdGIO:LduPEuDsE8Ej6pWatNnCr6j7D2kN04O0bnHXHWq086Q	2025-01-29 22:32:28.359648+00
\.


--
-- TOC entry 3639 (class 0 OID 0)
-- Dependencies: 216
-- Name: accounts_benchmark_id_seq; Type: SEQUENCE SET; Schema: public; Owner: carbon_foot
--

SELECT pg_catalog.setval('public.accounts_benchmark_id_seq', 8, true);


--
-- TOC entry 3640 (class 0 OID 0)
-- Dependencies: 218
-- Name: accounts_benchmarkdata_id_seq; Type: SEQUENCE SET; Schema: public; Owner: carbon_foot
--

SELECT pg_catalog.setval('public.accounts_benchmarkdata_id_seq', 10, true);


--
-- TOC entry 3641 (class 0 OID 0)
-- Dependencies: 220
-- Name: accounts_conversionfactor_id_seq; Type: SEQUENCE SET; Schema: public; Owner: carbon_foot
--

SELECT pg_catalog.setval('public.accounts_conversionfactor_id_seq', 26, true);


--
-- TOC entry 3642 (class 0 OID 0)
-- Dependencies: 222
-- Name: accounts_electricityconsumption_id_seq; Type: SEQUENCE SET; Schema: public; Owner: carbon_foot
--

SELECT pg_catalog.setval('public.accounts_electricityconsumption_id_seq', 2, true);


--
-- TOC entry 3643 (class 0 OID 0)
-- Dependencies: 224
-- Name: accounts_gasconsumption_id_seq; Type: SEQUENCE SET; Schema: public; Owner: carbon_foot
--

SELECT pg_catalog.setval('public.accounts_gasconsumption_id_seq', 2, true);


--
-- TOC entry 3644 (class 0 OID 0)
-- Dependencies: 226
-- Name: accounts_generaldataentry_id_seq; Type: SEQUENCE SET; Schema: public; Owner: carbon_foot
--

SELECT pg_catalog.setval('public.accounts_generaldataentry_id_seq', 33, true);


--
-- TOC entry 3645 (class 0 OID 0)
-- Dependencies: 228
-- Name: accounts_proportionentry_id_seq; Type: SEQUENCE SET; Schema: public; Owner: carbon_foot
--

SELECT pg_catalog.setval('public.accounts_proportionentry_id_seq', 27, true);


--
-- TOC entry 3646 (class 0 OID 0)
-- Dependencies: 231
-- Name: accounts_spacetypeentry_id_seq; Type: SEQUENCE SET; Schema: public; Owner: carbon_foot
--

SELECT pg_catalog.setval('public.accounts_spacetypeentry_id_seq', 28, true);


--
-- TOC entry 3647 (class 0 OID 0)
-- Dependencies: 233
-- Name: accounts_submission_id_seq; Type: SEQUENCE SET; Schema: public; Owner: carbon_foot
--

SELECT pg_catalog.setval('public.accounts_submission_id_seq', 1, true);


--
-- TOC entry 3648 (class 0 OID 0)
-- Dependencies: 235
-- Name: accounts_travelemission_id_seq; Type: SEQUENCE SET; Schema: public; Owner: carbon_foot
--

SELECT pg_catalog.setval('public.accounts_travelemission_id_seq', 15, true);


--
-- TOC entry 3649 (class 0 OID 0)
-- Dependencies: 239
-- Name: accounts_user_groups_id_seq; Type: SEQUENCE SET; Schema: public; Owner: carbon_foot
--

SELECT pg_catalog.setval('public.accounts_user_groups_id_seq', 1, false);


--
-- TOC entry 3650 (class 0 OID 0)
-- Dependencies: 240
-- Name: accounts_user_id_seq; Type: SEQUENCE SET; Schema: public; Owner: carbon_foot
--

SELECT pg_catalog.setval('public.accounts_user_id_seq', 8, true);


--
-- TOC entry 3651 (class 0 OID 0)
-- Dependencies: 242
-- Name: accounts_user_user_permissions_id_seq; Type: SEQUENCE SET; Schema: public; Owner: carbon_foot
--

SELECT pg_catalog.setval('public.accounts_user_user_permissions_id_seq', 1, false);


--
-- TOC entry 3652 (class 0 OID 0)
-- Dependencies: 244
-- Name: accounts_wasteemission_id_seq; Type: SEQUENCE SET; Schema: public; Owner: carbon_foot
--

SELECT pg_catalog.setval('public.accounts_wasteemission_id_seq', 1, false);


--
-- TOC entry 3653 (class 0 OID 0)
-- Dependencies: 246
-- Name: accounts_waterconsumption_id_seq; Type: SEQUENCE SET; Schema: public; Owner: carbon_foot
--

SELECT pg_catalog.setval('public.accounts_waterconsumption_id_seq', 1, false);


--
-- TOC entry 3654 (class 0 OID 0)
-- Dependencies: 248
-- Name: auth_group_id_seq; Type: SEQUENCE SET; Schema: public; Owner: carbon_foot
--

SELECT pg_catalog.setval('public.auth_group_id_seq', 1, false);


--
-- TOC entry 3655 (class 0 OID 0)
-- Dependencies: 250
-- Name: auth_group_permissions_id_seq; Type: SEQUENCE SET; Schema: public; Owner: carbon_foot
--

SELECT pg_catalog.setval('public.auth_group_permissions_id_seq', 1, false);


--
-- TOC entry 3656 (class 0 OID 0)
-- Dependencies: 252
-- Name: auth_permission_id_seq; Type: SEQUENCE SET; Schema: public; Owner: carbon_foot
--

SELECT pg_catalog.setval('public.auth_permission_id_seq', 80, true);


--
-- TOC entry 3657 (class 0 OID 0)
-- Dependencies: 254
-- Name: calculator_calculationrecord_id_seq; Type: SEQUENCE SET; Schema: public; Owner: carbon_foot
--

SELECT pg_catalog.setval('public.calculator_calculationrecord_id_seq', 1, false);


--
-- TOC entry 3658 (class 0 OID 0)
-- Dependencies: 256
-- Name: django_admin_log_id_seq; Type: SEQUENCE SET; Schema: public; Owner: carbon_foot
--

SELECT pg_catalog.setval('public.django_admin_log_id_seq', 1, false);


--
-- TOC entry 3659 (class 0 OID 0)
-- Dependencies: 258
-- Name: django_content_type_id_seq; Type: SEQUENCE SET; Schema: public; Owner: carbon_foot
--

SELECT pg_catalog.setval('public.django_content_type_id_seq', 20, true);


--
-- TOC entry 3660 (class 0 OID 0)
-- Dependencies: 260
-- Name: django_migrations_id_seq; Type: SEQUENCE SET; Schema: public; Owner: carbon_foot
--

SELECT pg_catalog.setval('public.django_migrations_id_seq', 22, true);


--
-- TOC entry 3327 (class 2606 OID 24696)
-- Name: accounts_benchmark accounts_benchmark_pkey; Type: CONSTRAINT; Schema: public; Owner: carbon_foot
--

ALTER TABLE ONLY public.accounts_benchmark
    ADD CONSTRAINT accounts_benchmark_pkey PRIMARY KEY (id);


--
-- TOC entry 3329 (class 2606 OID 24698)
-- Name: accounts_benchmark accounts_benchmark_space_type_key; Type: CONSTRAINT; Schema: public; Owner: carbon_foot
--

ALTER TABLE ONLY public.accounts_benchmark
    ADD CONSTRAINT accounts_benchmark_space_type_key UNIQUE (space_type);


--
-- TOC entry 3331 (class 2606 OID 24700)
-- Name: accounts_benchmarkdata accounts_benchmarkdata_pkey; Type: CONSTRAINT; Schema: public; Owner: carbon_foot
--

ALTER TABLE ONLY public.accounts_benchmarkdata
    ADD CONSTRAINT accounts_benchmarkdata_pkey PRIMARY KEY (id);


--
-- TOC entry 3333 (class 2606 OID 24702)
-- Name: accounts_conversionfactor accounts_conversionfactor_pkey; Type: CONSTRAINT; Schema: public; Owner: carbon_foot
--

ALTER TABLE ONLY public.accounts_conversionfactor
    ADD CONSTRAINT accounts_conversionfactor_pkey PRIMARY KEY (id);


--
-- TOC entry 3335 (class 2606 OID 24704)
-- Name: accounts_electricityconsumption accounts_electricityconsumption_pkey; Type: CONSTRAINT; Schema: public; Owner: carbon_foot
--

ALTER TABLE ONLY public.accounts_electricityconsumption
    ADD CONSTRAINT accounts_electricityconsumption_pkey PRIMARY KEY (id);


--
-- TOC entry 3338 (class 2606 OID 24706)
-- Name: accounts_gasconsumption accounts_gasconsumption_pkey; Type: CONSTRAINT; Schema: public; Owner: carbon_foot
--

ALTER TABLE ONLY public.accounts_gasconsumption
    ADD CONSTRAINT accounts_gasconsumption_pkey PRIMARY KEY (id);


--
-- TOC entry 3341 (class 2606 OID 24708)
-- Name: accounts_generaldataentry accounts_generaldataentry_pkey; Type: CONSTRAINT; Schema: public; Owner: carbon_foot
--

ALTER TABLE ONLY public.accounts_generaldataentry
    ADD CONSTRAINT accounts_generaldataentry_pkey PRIMARY KEY (id);


--
-- TOC entry 3344 (class 2606 OID 24710)
-- Name: accounts_proportionentry accounts_proportionentry_pkey; Type: CONSTRAINT; Schema: public; Owner: carbon_foot
--

ALTER TABLE ONLY public.accounts_proportionentry
    ADD CONSTRAINT accounts_proportionentry_pkey PRIMARY KEY (id);


--
-- TOC entry 3348 (class 2606 OID 24712)
-- Name: accounts_researchfield accounts_researchfield_name_201c4ba9_pk; Type: CONSTRAINT; Schema: public; Owner: carbon_foot
--

ALTER TABLE ONLY public.accounts_researchfield
    ADD CONSTRAINT accounts_researchfield_name_201c4ba9_pk PRIMARY KEY (name);


--
-- TOC entry 3350 (class 2606 OID 24714)
-- Name: accounts_spacetypeentry accounts_spacetypeentry_pkey; Type: CONSTRAINT; Schema: public; Owner: carbon_foot
--

ALTER TABLE ONLY public.accounts_spacetypeentry
    ADD CONSTRAINT accounts_spacetypeentry_pkey PRIMARY KEY (id);


--
-- TOC entry 3353 (class 2606 OID 24716)
-- Name: accounts_submission accounts_submission_pkey; Type: CONSTRAINT; Schema: public; Owner: carbon_foot
--

ALTER TABLE ONLY public.accounts_submission
    ADD CONSTRAINT accounts_submission_pkey PRIMARY KEY (id);


--
-- TOC entry 3356 (class 2606 OID 24718)
-- Name: accounts_submission accounts_submission_project_name_key; Type: CONSTRAINT; Schema: public; Owner: carbon_foot
--

ALTER TABLE ONLY public.accounts_submission
    ADD CONSTRAINT accounts_submission_project_name_key UNIQUE (project_name);


--
-- TOC entry 3359 (class 2606 OID 24720)
-- Name: accounts_travelemission accounts_travelemission_pkey; Type: CONSTRAINT; Schema: public; Owner: carbon_foot
--

ALTER TABLE ONLY public.accounts_travelemission
    ADD CONSTRAINT accounts_travelemission_pkey PRIMARY KEY (id);


--
-- TOC entry 3363 (class 2606 OID 24722)
-- Name: accounts_university accounts_university_name_51db4e65_pk; Type: CONSTRAINT; Schema: public; Owner: carbon_foot
--

ALTER TABLE ONLY public.accounts_university
    ADD CONSTRAINT accounts_university_name_51db4e65_pk PRIMARY KEY (name);


--
-- TOC entry 3366 (class 2606 OID 24724)
-- Name: accounts_user accounts_user_email_key; Type: CONSTRAINT; Schema: public; Owner: carbon_foot
--

ALTER TABLE ONLY public.accounts_user
    ADD CONSTRAINT accounts_user_email_key UNIQUE (email);


--
-- TOC entry 3376 (class 2606 OID 24726)
-- Name: accounts_user_groups accounts_user_groups_pkey; Type: CONSTRAINT; Schema: public; Owner: carbon_foot
--

ALTER TABLE ONLY public.accounts_user_groups
    ADD CONSTRAINT accounts_user_groups_pkey PRIMARY KEY (id);


--
-- TOC entry 3379 (class 2606 OID 24728)
-- Name: accounts_user_groups accounts_user_groups_user_id_group_id_59c0b32f_uniq; Type: CONSTRAINT; Schema: public; Owner: carbon_foot
--

ALTER TABLE ONLY public.accounts_user_groups
    ADD CONSTRAINT accounts_user_groups_user_id_group_id_59c0b32f_uniq UNIQUE (user_id, group_id);


--
-- TOC entry 3369 (class 2606 OID 24730)
-- Name: accounts_user accounts_user_pkey; Type: CONSTRAINT; Schema: public; Owner: carbon_foot
--

ALTER TABLE ONLY public.accounts_user
    ADD CONSTRAINT accounts_user_pkey PRIMARY KEY (id);


--
-- TOC entry 3381 (class 2606 OID 24732)
-- Name: accounts_user_user_permissions accounts_user_user_permi_user_id_permission_id_2ab516c2_uniq; Type: CONSTRAINT; Schema: public; Owner: carbon_foot
--

ALTER TABLE ONLY public.accounts_user_user_permissions
    ADD CONSTRAINT accounts_user_user_permi_user_id_permission_id_2ab516c2_uniq UNIQUE (user_id, permission_id);


--
-- TOC entry 3384 (class 2606 OID 24734)
-- Name: accounts_user_user_permissions accounts_user_user_permissions_pkey; Type: CONSTRAINT; Schema: public; Owner: carbon_foot
--

ALTER TABLE ONLY public.accounts_user_user_permissions
    ADD CONSTRAINT accounts_user_user_permissions_pkey PRIMARY KEY (id);


--
-- TOC entry 3373 (class 2606 OID 24736)
-- Name: accounts_user accounts_user_username_key; Type: CONSTRAINT; Schema: public; Owner: carbon_foot
--

ALTER TABLE ONLY public.accounts_user
    ADD CONSTRAINT accounts_user_username_key UNIQUE (username);


--
-- TOC entry 3387 (class 2606 OID 24738)
-- Name: accounts_wasteemission accounts_wasteemission_pkey; Type: CONSTRAINT; Schema: public; Owner: carbon_foot
--

ALTER TABLE ONLY public.accounts_wasteemission
    ADD CONSTRAINT accounts_wasteemission_pkey PRIMARY KEY (id);


--
-- TOC entry 3390 (class 2606 OID 24740)
-- Name: accounts_waterconsumption accounts_waterconsumption_pkey; Type: CONSTRAINT; Schema: public; Owner: carbon_foot
--

ALTER TABLE ONLY public.accounts_waterconsumption
    ADD CONSTRAINT accounts_waterconsumption_pkey PRIMARY KEY (id);


--
-- TOC entry 3394 (class 2606 OID 24742)
-- Name: auth_group auth_group_name_key; Type: CONSTRAINT; Schema: public; Owner: carbon_foot
--

ALTER TABLE ONLY public.auth_group
    ADD CONSTRAINT auth_group_name_key UNIQUE (name);


--
-- TOC entry 3399 (class 2606 OID 24744)
-- Name: auth_group_permissions auth_group_permissions_group_id_permission_id_0cd325b0_uniq; Type: CONSTRAINT; Schema: public; Owner: carbon_foot
--

ALTER TABLE ONLY public.auth_group_permissions
    ADD CONSTRAINT auth_group_permissions_group_id_permission_id_0cd325b0_uniq UNIQUE (group_id, permission_id);


--
-- TOC entry 3402 (class 2606 OID 24746)
-- Name: auth_group_permissions auth_group_permissions_pkey; Type: CONSTRAINT; Schema: public; Owner: carbon_foot
--

ALTER TABLE ONLY public.auth_group_permissions
    ADD CONSTRAINT auth_group_permissions_pkey PRIMARY KEY (id);


--
-- TOC entry 3396 (class 2606 OID 24748)
-- Name: auth_group auth_group_pkey; Type: CONSTRAINT; Schema: public; Owner: carbon_foot
--

ALTER TABLE ONLY public.auth_group
    ADD CONSTRAINT auth_group_pkey PRIMARY KEY (id);


--
-- TOC entry 3405 (class 2606 OID 24750)
-- Name: auth_permission auth_permission_content_type_id_codename_01ab375a_uniq; Type: CONSTRAINT; Schema: public; Owner: carbon_foot
--

ALTER TABLE ONLY public.auth_permission
    ADD CONSTRAINT auth_permission_content_type_id_codename_01ab375a_uniq UNIQUE (content_type_id, codename);


--
-- TOC entry 3407 (class 2606 OID 24752)
-- Name: auth_permission auth_permission_pkey; Type: CONSTRAINT; Schema: public; Owner: carbon_foot
--

ALTER TABLE ONLY public.auth_permission
    ADD CONSTRAINT auth_permission_pkey PRIMARY KEY (id);


--
-- TOC entry 3409 (class 2606 OID 24754)
-- Name: calculator_calculationrecord calculator_calculationrecord_pkey; Type: CONSTRAINT; Schema: public; Owner: carbon_foot
--

ALTER TABLE ONLY public.calculator_calculationrecord
    ADD CONSTRAINT calculator_calculationrecord_pkey PRIMARY KEY (id);


--
-- TOC entry 3412 (class 2606 OID 24756)
-- Name: django_admin_log django_admin_log_pkey; Type: CONSTRAINT; Schema: public; Owner: carbon_foot
--

ALTER TABLE ONLY public.django_admin_log
    ADD CONSTRAINT django_admin_log_pkey PRIMARY KEY (id);


--
-- TOC entry 3415 (class 2606 OID 24758)
-- Name: django_content_type django_content_type_app_label_model_76bd3d3b_uniq; Type: CONSTRAINT; Schema: public; Owner: carbon_foot
--

ALTER TABLE ONLY public.django_content_type
    ADD CONSTRAINT django_content_type_app_label_model_76bd3d3b_uniq UNIQUE (app_label, model);


--
-- TOC entry 3417 (class 2606 OID 24760)
-- Name: django_content_type django_content_type_pkey; Type: CONSTRAINT; Schema: public; Owner: carbon_foot
--

ALTER TABLE ONLY public.django_content_type
    ADD CONSTRAINT django_content_type_pkey PRIMARY KEY (id);


--
-- TOC entry 3419 (class 2606 OID 24762)
-- Name: django_migrations django_migrations_pkey; Type: CONSTRAINT; Schema: public; Owner: carbon_foot
--

ALTER TABLE ONLY public.django_migrations
    ADD CONSTRAINT django_migrations_pkey PRIMARY KEY (id);


--
-- TOC entry 3422 (class 2606 OID 24764)
-- Name: django_session django_session_pkey; Type: CONSTRAINT; Schema: public; Owner: carbon_foot
--

ALTER TABLE ONLY public.django_session
    ADD CONSTRAINT django_session_pkey PRIMARY KEY (session_key);


--
-- TOC entry 3336 (class 1259 OID 24765)
-- Name: accounts_electricityconsumption_space_type_id_8a26b96a; Type: INDEX; Schema: public; Owner: carbon_foot
--

CREATE INDEX accounts_electricityconsumption_space_type_id_8a26b96a ON public.accounts_electricityconsumption USING btree (space_type_id);


--
-- TOC entry 3339 (class 1259 OID 24766)
-- Name: accounts_gasconsumption_space_type_id_f676df47; Type: INDEX; Schema: public; Owner: carbon_foot
--

CREATE INDEX accounts_gasconsumption_space_type_id_f676df47 ON public.accounts_gasconsumption USING btree (space_type_id);


--
-- TOC entry 3342 (class 1259 OID 24767)
-- Name: accounts_generaldataentry_submission_id_84a0b6b2; Type: INDEX; Schema: public; Owner: carbon_foot
--

CREATE INDEX accounts_generaldataentry_submission_id_84a0b6b2 ON public.accounts_generaldataentry USING btree (submission_id);


--
-- TOC entry 3345 (class 1259 OID 24768)
-- Name: accounts_proportionentry_submission_id_8e122d4a; Type: INDEX; Schema: public; Owner: carbon_foot
--

CREATE INDEX accounts_proportionentry_submission_id_8e122d4a ON public.accounts_proportionentry USING btree (submission_id);


--
-- TOC entry 3346 (class 1259 OID 24769)
-- Name: accounts_researchfield_name_201c4ba9_like; Type: INDEX; Schema: public; Owner: carbon_foot
--

CREATE INDEX accounts_researchfield_name_201c4ba9_like ON public.accounts_researchfield USING btree (name varchar_pattern_ops);


--
-- TOC entry 3351 (class 1259 OID 24770)
-- Name: accounts_spacetypeentry_submission_id_0ebc113d; Type: INDEX; Schema: public; Owner: carbon_foot
--

CREATE INDEX accounts_spacetypeentry_submission_id_0ebc113d ON public.accounts_spacetypeentry USING btree (submission_id);


--
-- TOC entry 3354 (class 1259 OID 24771)
-- Name: accounts_submission_project_name_20a6f4e8_like; Type: INDEX; Schema: public; Owner: carbon_foot
--

CREATE INDEX accounts_submission_project_name_20a6f4e8_like ON public.accounts_submission USING btree (project_name varchar_pattern_ops);


--
-- TOC entry 3357 (class 1259 OID 24772)
-- Name: accounts_submission_user_id_58f812c2; Type: INDEX; Schema: public; Owner: carbon_foot
--

CREATE INDEX accounts_submission_user_id_58f812c2 ON public.accounts_submission USING btree (user_id);


--
-- TOC entry 3360 (class 1259 OID 24773)
-- Name: accounts_travelemission_submission_id_39f57733; Type: INDEX; Schema: public; Owner: carbon_foot
--

CREATE INDEX accounts_travelemission_submission_id_39f57733 ON public.accounts_travelemission USING btree (submission_id);


--
-- TOC entry 3361 (class 1259 OID 24774)
-- Name: accounts_university_name_51db4e65_like; Type: INDEX; Schema: public; Owner: carbon_foot
--

CREATE INDEX accounts_university_name_51db4e65_like ON public.accounts_university USING btree (name varchar_pattern_ops);


--
-- TOC entry 3364 (class 1259 OID 24775)
-- Name: accounts_user_email_b2644a56_like; Type: INDEX; Schema: public; Owner: carbon_foot
--

CREATE INDEX accounts_user_email_b2644a56_like ON public.accounts_user USING btree (email varchar_pattern_ops);


--
-- TOC entry 3374 (class 1259 OID 24776)
-- Name: accounts_user_groups_group_id_bd11a704; Type: INDEX; Schema: public; Owner: carbon_foot
--

CREATE INDEX accounts_user_groups_group_id_bd11a704 ON public.accounts_user_groups USING btree (group_id);


--
-- TOC entry 3377 (class 1259 OID 24777)
-- Name: accounts_user_groups_user_id_52b62117; Type: INDEX; Schema: public; Owner: carbon_foot
--

CREATE INDEX accounts_user_groups_user_id_52b62117 ON public.accounts_user_groups USING btree (user_id);


--
-- TOC entry 3367 (class 1259 OID 24778)
-- Name: accounts_user_institute_id_9b89556e; Type: INDEX; Schema: public; Owner: carbon_foot
--

CREATE INDEX accounts_user_institute_id_9b89556e ON public.accounts_user USING btree (institute_id);


--
-- TOC entry 3370 (class 1259 OID 24779)
-- Name: accounts_user_research_field_id_04d0b802; Type: INDEX; Schema: public; Owner: carbon_foot
--

CREATE INDEX accounts_user_research_field_id_04d0b802 ON public.accounts_user USING btree (research_field_id);


--
-- TOC entry 3382 (class 1259 OID 24780)
-- Name: accounts_user_user_permissions_permission_id_113bb443; Type: INDEX; Schema: public; Owner: carbon_foot
--

CREATE INDEX accounts_user_user_permissions_permission_id_113bb443 ON public.accounts_user_user_permissions USING btree (permission_id);


--
-- TOC entry 3385 (class 1259 OID 24781)
-- Name: accounts_user_user_permissions_user_id_e4f0a161; Type: INDEX; Schema: public; Owner: carbon_foot
--

CREATE INDEX accounts_user_user_permissions_user_id_e4f0a161 ON public.accounts_user_user_permissions USING btree (user_id);


--
-- TOC entry 3371 (class 1259 OID 24782)
-- Name: accounts_user_username_6088629e_like; Type: INDEX; Schema: public; Owner: carbon_foot
--

CREATE INDEX accounts_user_username_6088629e_like ON public.accounts_user USING btree (username varchar_pattern_ops);


--
-- TOC entry 3388 (class 1259 OID 24783)
-- Name: accounts_wasteemission_submission_id_c24bd786; Type: INDEX; Schema: public; Owner: carbon_foot
--

CREATE INDEX accounts_wasteemission_submission_id_c24bd786 ON public.accounts_wasteemission USING btree (submission_id);


--
-- TOC entry 3391 (class 1259 OID 24784)
-- Name: accounts_waterconsumption_space_type_id_ba45a1e5; Type: INDEX; Schema: public; Owner: carbon_foot
--

CREATE INDEX accounts_waterconsumption_space_type_id_ba45a1e5 ON public.accounts_waterconsumption USING btree (space_type_id);


--
-- TOC entry 3392 (class 1259 OID 24785)
-- Name: auth_group_name_a6ea08ec_like; Type: INDEX; Schema: public; Owner: carbon_foot
--

CREATE INDEX auth_group_name_a6ea08ec_like ON public.auth_group USING btree (name varchar_pattern_ops);


--
-- TOC entry 3397 (class 1259 OID 24786)
-- Name: auth_group_permissions_group_id_b120cbf9; Type: INDEX; Schema: public; Owner: carbon_foot
--

CREATE INDEX auth_group_permissions_group_id_b120cbf9 ON public.auth_group_permissions USING btree (group_id);


--
-- TOC entry 3400 (class 1259 OID 24787)
-- Name: auth_group_permissions_permission_id_84c5c92e; Type: INDEX; Schema: public; Owner: carbon_foot
--

CREATE INDEX auth_group_permissions_permission_id_84c5c92e ON public.auth_group_permissions USING btree (permission_id);


--
-- TOC entry 3403 (class 1259 OID 24788)
-- Name: auth_permission_content_type_id_2f476e4b; Type: INDEX; Schema: public; Owner: carbon_foot
--

CREATE INDEX auth_permission_content_type_id_2f476e4b ON public.auth_permission USING btree (content_type_id);


--
-- TOC entry 3410 (class 1259 OID 24789)
-- Name: django_admin_log_content_type_id_c4bce8eb; Type: INDEX; Schema: public; Owner: carbon_foot
--

CREATE INDEX django_admin_log_content_type_id_c4bce8eb ON public.django_admin_log USING btree (content_type_id);


--
-- TOC entry 3413 (class 1259 OID 24790)
-- Name: django_admin_log_user_id_c564eba6; Type: INDEX; Schema: public; Owner: carbon_foot
--

CREATE INDEX django_admin_log_user_id_c564eba6 ON public.django_admin_log USING btree (user_id);


--
-- TOC entry 3420 (class 1259 OID 24791)
-- Name: django_session_expire_date_a5c62663; Type: INDEX; Schema: public; Owner: carbon_foot
--

CREATE INDEX django_session_expire_date_a5c62663 ON public.django_session USING btree (expire_date);


--
-- TOC entry 3423 (class 1259 OID 24792)
-- Name: django_session_session_key_c0390e0f_like; Type: INDEX; Schema: public; Owner: carbon_foot
--

CREATE INDEX django_session_session_key_c0390e0f_like ON public.django_session USING btree (session_key varchar_pattern_ops);


--
-- TOC entry 3424 (class 2606 OID 24793)
-- Name: accounts_electricityconsumption accounts_electricity_space_type_id_8a26b96a_fk_accounts_; Type: FK CONSTRAINT; Schema: public; Owner: carbon_foot
--

ALTER TABLE ONLY public.accounts_electricityconsumption
    ADD CONSTRAINT accounts_electricity_space_type_id_8a26b96a_fk_accounts_ FOREIGN KEY (space_type_id) REFERENCES public.accounts_spacetypeentry(id) DEFERRABLE INITIALLY DEFERRED;


--
-- TOC entry 3425 (class 2606 OID 24798)
-- Name: accounts_gasconsumption accounts_gasconsumpt_space_type_id_f676df47_fk_accounts_; Type: FK CONSTRAINT; Schema: public; Owner: carbon_foot
--

ALTER TABLE ONLY public.accounts_gasconsumption
    ADD CONSTRAINT accounts_gasconsumpt_space_type_id_f676df47_fk_accounts_ FOREIGN KEY (space_type_id) REFERENCES public.accounts_spacetypeentry(id) DEFERRABLE INITIALLY DEFERRED;


--
-- TOC entry 3426 (class 2606 OID 24803)
-- Name: accounts_generaldataentry accounts_generaldata_submission_id_84a0b6b2_fk_accounts_; Type: FK CONSTRAINT; Schema: public; Owner: carbon_foot
--

ALTER TABLE ONLY public.accounts_generaldataentry
    ADD CONSTRAINT accounts_generaldata_submission_id_84a0b6b2_fk_accounts_ FOREIGN KEY (submission_id) REFERENCES public.accounts_submission(id) DEFERRABLE INITIALLY DEFERRED;


--
-- TOC entry 3427 (class 2606 OID 24808)
-- Name: accounts_proportionentry accounts_proportione_submission_id_8e122d4a_fk_accounts_; Type: FK CONSTRAINT; Schema: public; Owner: carbon_foot
--

ALTER TABLE ONLY public.accounts_proportionentry
    ADD CONSTRAINT accounts_proportione_submission_id_8e122d4a_fk_accounts_ FOREIGN KEY (submission_id) REFERENCES public.accounts_submission(id) DEFERRABLE INITIALLY DEFERRED;


--
-- TOC entry 3428 (class 2606 OID 24813)
-- Name: accounts_spacetypeentry accounts_spacetypeen_submission_id_0ebc113d_fk_accounts_; Type: FK CONSTRAINT; Schema: public; Owner: carbon_foot
--

ALTER TABLE ONLY public.accounts_spacetypeentry
    ADD CONSTRAINT accounts_spacetypeen_submission_id_0ebc113d_fk_accounts_ FOREIGN KEY (submission_id) REFERENCES public.accounts_submission(id) DEFERRABLE INITIALLY DEFERRED;


--
-- TOC entry 3429 (class 2606 OID 24818)
-- Name: accounts_submission accounts_submission_user_id_58f812c2_fk_accounts_user_id; Type: FK CONSTRAINT; Schema: public; Owner: carbon_foot
--

ALTER TABLE ONLY public.accounts_submission
    ADD CONSTRAINT accounts_submission_user_id_58f812c2_fk_accounts_user_id FOREIGN KEY (user_id) REFERENCES public.accounts_user(id) DEFERRABLE INITIALLY DEFERRED;


--
-- TOC entry 3430 (class 2606 OID 24823)
-- Name: accounts_travelemission accounts_travelemiss_submission_id_39f57733_fk_accounts_; Type: FK CONSTRAINT; Schema: public; Owner: carbon_foot
--

ALTER TABLE ONLY public.accounts_travelemission
    ADD CONSTRAINT accounts_travelemiss_submission_id_39f57733_fk_accounts_ FOREIGN KEY (submission_id) REFERENCES public.accounts_submission(id) DEFERRABLE INITIALLY DEFERRED;


--
-- TOC entry 3431 (class 2606 OID 24828)
-- Name: accounts_user_groups accounts_user_groups_group_id_bd11a704_fk_auth_group_id; Type: FK CONSTRAINT; Schema: public; Owner: carbon_foot
--

ALTER TABLE ONLY public.accounts_user_groups
    ADD CONSTRAINT accounts_user_groups_group_id_bd11a704_fk_auth_group_id FOREIGN KEY (group_id) REFERENCES public.auth_group(id) DEFERRABLE INITIALLY DEFERRED;


--
-- TOC entry 3432 (class 2606 OID 24833)
-- Name: accounts_user_groups accounts_user_groups_user_id_52b62117_fk_accounts_user_id; Type: FK CONSTRAINT; Schema: public; Owner: carbon_foot
--

ALTER TABLE ONLY public.accounts_user_groups
    ADD CONSTRAINT accounts_user_groups_user_id_52b62117_fk_accounts_user_id FOREIGN KEY (user_id) REFERENCES public.accounts_user(id) DEFERRABLE INITIALLY DEFERRED;


--
-- TOC entry 3433 (class 2606 OID 24838)
-- Name: accounts_user_user_permissions accounts_user_user_p_permission_id_113bb443_fk_auth_perm; Type: FK CONSTRAINT; Schema: public; Owner: carbon_foot
--

ALTER TABLE ONLY public.accounts_user_user_permissions
    ADD CONSTRAINT accounts_user_user_p_permission_id_113bb443_fk_auth_perm FOREIGN KEY (permission_id) REFERENCES public.auth_permission(id) DEFERRABLE INITIALLY DEFERRED;


--
-- TOC entry 3434 (class 2606 OID 24843)
-- Name: accounts_user_user_permissions accounts_user_user_p_user_id_e4f0a161_fk_accounts_; Type: FK CONSTRAINT; Schema: public; Owner: carbon_foot
--

ALTER TABLE ONLY public.accounts_user_user_permissions
    ADD CONSTRAINT accounts_user_user_p_user_id_e4f0a161_fk_accounts_ FOREIGN KEY (user_id) REFERENCES public.accounts_user(id) DEFERRABLE INITIALLY DEFERRED;


--
-- TOC entry 3435 (class 2606 OID 24848)
-- Name: accounts_wasteemission accounts_wasteemissi_submission_id_c24bd786_fk_accounts_; Type: FK CONSTRAINT; Schema: public; Owner: carbon_foot
--

ALTER TABLE ONLY public.accounts_wasteemission
    ADD CONSTRAINT accounts_wasteemissi_submission_id_c24bd786_fk_accounts_ FOREIGN KEY (submission_id) REFERENCES public.accounts_submission(id) DEFERRABLE INITIALLY DEFERRED;


--
-- TOC entry 3436 (class 2606 OID 24853)
-- Name: accounts_waterconsumption accounts_waterconsum_space_type_id_ba45a1e5_fk_accounts_; Type: FK CONSTRAINT; Schema: public; Owner: carbon_foot
--

ALTER TABLE ONLY public.accounts_waterconsumption
    ADD CONSTRAINT accounts_waterconsum_space_type_id_ba45a1e5_fk_accounts_ FOREIGN KEY (space_type_id) REFERENCES public.accounts_spacetypeentry(id) DEFERRABLE INITIALLY DEFERRED;


--
-- TOC entry 3437 (class 2606 OID 24858)
-- Name: auth_group_permissions auth_group_permissio_permission_id_84c5c92e_fk_auth_perm; Type: FK CONSTRAINT; Schema: public; Owner: carbon_foot
--

ALTER TABLE ONLY public.auth_group_permissions
    ADD CONSTRAINT auth_group_permissio_permission_id_84c5c92e_fk_auth_perm FOREIGN KEY (permission_id) REFERENCES public.auth_permission(id) DEFERRABLE INITIALLY DEFERRED;


--
-- TOC entry 3438 (class 2606 OID 24863)
-- Name: auth_group_permissions auth_group_permissions_group_id_b120cbf9_fk_auth_group_id; Type: FK CONSTRAINT; Schema: public; Owner: carbon_foot
--

ALTER TABLE ONLY public.auth_group_permissions
    ADD CONSTRAINT auth_group_permissions_group_id_b120cbf9_fk_auth_group_id FOREIGN KEY (group_id) REFERENCES public.auth_group(id) DEFERRABLE INITIALLY DEFERRED;


--
-- TOC entry 3439 (class 2606 OID 24868)
-- Name: auth_permission auth_permission_content_type_id_2f476e4b_fk_django_co; Type: FK CONSTRAINT; Schema: public; Owner: carbon_foot
--

ALTER TABLE ONLY public.auth_permission
    ADD CONSTRAINT auth_permission_content_type_id_2f476e4b_fk_django_co FOREIGN KEY (content_type_id) REFERENCES public.django_content_type(id) DEFERRABLE INITIALLY DEFERRED;


--
-- TOC entry 3440 (class 2606 OID 24873)
-- Name: django_admin_log django_admin_log_content_type_id_c4bce8eb_fk_django_co; Type: FK CONSTRAINT; Schema: public; Owner: carbon_foot
--

ALTER TABLE ONLY public.django_admin_log
    ADD CONSTRAINT django_admin_log_content_type_id_c4bce8eb_fk_django_co FOREIGN KEY (content_type_id) REFERENCES public.django_content_type(id) DEFERRABLE INITIALLY DEFERRED;


--
-- TOC entry 3441 (class 2606 OID 24878)
-- Name: django_admin_log django_admin_log_user_id_c564eba6_fk_accounts_user_id; Type: FK CONSTRAINT; Schema: public; Owner: carbon_foot
--

ALTER TABLE ONLY public.django_admin_log
    ADD CONSTRAINT django_admin_log_user_id_c564eba6_fk_accounts_user_id FOREIGN KEY (user_id) REFERENCES public.accounts_user(id) DEFERRABLE INITIALLY DEFERRED;


-- Completed on 2025-01-30 13:46:41 GMT

--
-- PostgreSQL database dump complete
--

